2025-08-01T22:05:40.316221 [GNB     ] [I] Built in Release mode using commit a041e3162 on branch main
2025-08-01T22:05:40.317640 [CONFIG  ] [I] Input configuration (only non-default values): 
log:
  filename: ./gnb.log
  all_level: info
cu_cp:
  amf:
    addr: 10.53.1.2
    port: 38412
    bind_addr: 10.53.1.1
    supported_tracking_areas: "tac: 7\nplmn_list:\n  - plmn: 00101\n    tai_slice_support_list:\n      - sst: 1"
pcap:
  ngap_filename: ./gnb_ngap.pcap
  ngap_enable: enable
  mac_filename: ./gnb_mac.pcap
  mac_enable: enable
cell_cfg:
  dl_arfcn: 368500
  band: 3
  common_scs: 15
  channel_bandwidth_MHz: 20
  plmn: 00101
  tac: 7
  pdcch:
    common:
      coreset0_index: 12
      ss0_index: 0
    dedicated:
      dci_format_0_1_and_1_1: false
      ss2_type: common
  pdsch:
    mcs_table: qam64
  pusch:
    mcs_table: qam64
  prach:
    prach_config_index: 1
ru_sdr:
  srate: 23.04
  device_driver: uhd
  device_args: type=b200,num_recv_frames=64,num_send_frames=64, serial=314BCCA
  tx_gain: 80
  rx_gain: 40
  clock: external
  otw_format: sc12
2025-08-01T22:05:41.093821 [GNB     ] [W] CPU0 scaling governor is not set to performance, which may hinder performance. You can set it to performance using the "srsran_performance" script
2025-08-01T22:05:41.093830 [GNB     ] [W] CPU1 scaling governor is not set to performance, which may hinder performance. You can set it to performance using the "srsran_performance" script
2025-08-01T22:05:41.093837 [GNB     ] [W] CPU2 scaling governor is not set to performance, which may hinder performance. You can set it to performance using the "srsran_performance" script
2025-08-01T22:05:41.093843 [GNB     ] [W] CPU3 scaling governor is not set to performance, which may hinder performance. You can set it to performance using the "srsran_performance" script
2025-08-01T22:05:41.093849 [GNB     ] [W] CPU4 scaling governor is not set to performance, which may hinder performance. You can set it to performance using the "srsran_performance" script
2025-08-01T22:05:41.093855 [GNB     ] [W] CPU5 scaling governor is not set to performance, which may hinder performance. You can set it to performance using the "srsran_performance" script
2025-08-01T22:05:41.093860 [GNB     ] [W] CPU6 scaling governor is not set to performance, which may hinder performance. You can set it to performance using the "srsran_performance" script
2025-08-01T22:05:41.093865 [GNB     ] [W] CPU7 scaling governor is not set to performance, which may hinder performance. You can set it to performance using the "srsran_performance" script
2025-08-01T22:05:41.093871 [GNB     ] [W] CPU8 scaling governor is not set to performance, which may hinder performance. You can set it to performance using the "srsran_performance" script
2025-08-01T22:05:41.093876 [GNB     ] [W] CPU9 scaling governor is not set to performance, which may hinder performance. You can set it to performance using the "srsran_performance" script
2025-08-01T22:05:41.093882 [GNB     ] [W] CPU10 scaling governor is not set to performance, which may hinder performance. You can set it to performance using the "srsran_performance" script
2025-08-01T22:05:41.093887 [GNB     ] [W] CPU11 scaling governor is not set to performance, which may hinder performance. You can set it to performance using the "srsran_performance" script
2025-08-01T22:05:41.093893 [GNB     ] [W] CPU12 scaling governor is not set to performance, which may hinder performance. You can set it to performance using the "srsran_performance" script
2025-08-01T22:05:41.093898 [GNB     ] [W] CPU13 scaling governor is not set to performance, which may hinder performance. You can set it to performance using the "srsran_performance" script
2025-08-01T22:05:41.093904 [GNB     ] [W] CPU14 scaling governor is not set to performance, which may hinder performance. You can set it to performance using the "srsran_performance" script
2025-08-01T22:05:41.093909 [GNB     ] [W] CPU15 scaling governor is not set to performance, which may hinder performance. You can set it to performance using the "srsran_performance" script
2025-08-01T22:05:41.093915 [GNB     ] [W] CPU16 scaling governor is not set to performance, which may hinder performance. You can set it to performance using the "srsran_performance" script
2025-08-01T22:05:41.093921 [GNB     ] [W] CPU17 scaling governor is not set to performance, which may hinder performance. You can set it to performance using the "srsran_performance" script
2025-08-01T22:05:41.093927 [GNB     ] [W] CPU18 scaling governor is not set to performance, which may hinder performance. You can set it to performance using the "srsran_performance" script
2025-08-01T22:05:41.093932 [GNB     ] [W] CPU19 scaling governor is not set to performance, which may hinder performance. You can set it to performance using the "srsran_performance" script
2025-08-01T22:05:41.093939 [GNB     ] [W] DRM KMS polling is enabled, which may hinder performance. You can disable it using the "srsran_performance" script
2025-08-01T22:05:41.103655 [ALL     ] [I] Task worker "lower_phy_rx#0" started...
2025-08-01T22:05:41.103658 [ALL     ] [I] Task worker "phy_prach#0" started...
2025-08-01T22:05:41.103666 [ALL     ] [I] Task worker "lower_phy_tx#0" started...
2025-08-01T22:05:41.103670 [ALL     ] [I] Task worker "radio" started...
2025-08-01T22:05:41.103691 [ALL     ] [I] Task worker "lower_phy_dl#0" started...
2025-08-01T22:05:41.103696 [ALL     ] [I] Task worker "ru_stats_worker" started...
2025-08-01T22:05:41.103717 [ALL     ] [I] Task worker "lower_phy_ul#0" started...
2025-08-01T22:05:41.107791 [GTPU    ] [I] GTP-U demux. warn_on_drop=false test_mode=false
2025-08-01T22:05:41.107976 [GTPU    ] [I] Tunnel added. teid=0x000000
2025-08-01T22:05:41.107981 [UDP-GW  ] [I] UDP GW configured. rx_max_mmsg=256 pool_thres=0.9 ext_bind_addr=auto
2025-08-01T22:05:41.108149 [IO-EPOLL] [I] fd=8: Registered file descriptor successfully
2025-08-01T22:05:41.336317 [DU      ] [I] DU created successfully
2025-08-01T22:05:41.336326 [DU      ] [I] O-DU created successfully
2025-08-01T22:05:54.172418 [GNB     ] [I] SSB derived parameters for cell: 1, band: 3, dl_arfcn:368500, nof_crbs: 106 scs:15kHz, ssb_scs:15kHz:
	 - SSB offset pointA:40 
	 - k_SSB:6 
	 - SSB arfcn:368410 
	 - Coreset index:12 
	 - Searchspace index:0
2025-08-01T22:05:54.172585 [IO-EPOLL] [I] fd=0: Registered file descriptor successfully
2025-08-01T22:05:54.172595 [GNB     ] [I] Starting CU-CP...
2025-08-01T22:05:54.172838 [SCTP-GW ] [I] N2: Bind to 10.53.1.1:0 was successful
2025-08-01T22:05:54.172946 [IO-EPOLL] [I] fd=14: Registered file descriptor successfully
2025-08-01T22:05:54.172949 [SCTP-GW ] [I] N2: SCTP connection to AMF on 10.53.1.2:38412 was established
2025-08-01T22:05:54.172953 [CU-CP   ] [I] N2: Connection to AMF on 10.53.1.2:38412 was established
2025-08-01T22:05:54.179252 [NGAP    ] [I] Tx PDU: NGSetupRequest
2025-08-01T22:05:54.181230 [NGAP    ] [I] Rx PDU: NGSetupResponse
2025-08-01T22:05:54.181388 [CU-CP   ] [I] Connected to AMF. Supported PLMNs: 00101 
2025-08-01T22:05:54.181423 [GNB     ] [I] CU-CP started successfully
2025-08-01T22:05:54.181436 [CU-UP   ] [I] CU-UP starting...
2025-08-01T22:05:54.181534 [CU-CP   ] [I] Added TNL connection to CU-UP 0
2025-08-01T22:05:54.181922 [CU-UP-E1] [I] Sending E1SetupRequest
2025-08-01T22:05:54.181924 [CU-UP-E1] [I] Tx PDU tid=0: GNB-CU-UP-E1SetupRequest
2025-08-01T22:05:54.181932 [CU-CP-E1] [I] Rx PDU tid=0: GNB-CU-UP-E1SetupRequest
2025-08-01T22:05:54.181939 [CU-CP-E1] [I] Tx PDU tid=0: GNB-CU-UP-E1SetupResponse
2025-08-01T22:05:54.181942 [CU-UP-E1] [I] Rx PDU tid=0: GNB-CU-UP-E1SetupResponse
2025-08-01T22:05:54.181943 [CU-UP-E1] [I] "E1AP CU-UP Setup Procedure" finalized
2025-08-01T22:05:54.181970 [CU-UP   ] [I] CU-UP started successfully
2025-08-01T22:05:54.181980 [DU      ] [I] Starting DU...
2025-08-01T22:05:54.181982 [DU      ] [I] Starting DU-High...
2025-08-01T22:05:54.181986 [DU-MNG  ] [I] DU manager starting...
2025-08-01T22:05:54.182324 [CU-CP   ] [I] Added TNL connection to DU 0
2025-08-01T22:05:54.193289 [DU-MNG  ] [I] SIB1 cell=0: {
  "cellSelectionInfo": {
    "q-RxLevMin": -70,
    "q-QualMin": -20
  },
  "cellAccessRelatedInfo": {
    "plmn-IdentityInfoList": [
      {
        "plmn-IdentityList": [
          {
            "mcc": [
              0,
              0,
              1
            ],
            "mnc": [
              0,
              1
            ]
          }
        ],
        "trackingAreaCode": "000000000000000000000111",
        "cellIdentity": "000000000000011001101100000000000000",
        "cellReservedForOperatorUse": "notReserved"
      }
    ]
  },
  "connEstFailureControl": {
    "connEstFailCount": "n1",
    "connEstFailOffsetValidity": "s30",
    "connEstFailOffset": 1
  },
  "servingCellConfigCommon": {
    "downlinkConfigCommon": {
      "frequencyInfoDL": {
        "frequencyBandList": [
          {
            "freqBandIndicatorNR": 3
          }
        ],
        "offsetToPointA": 40,
        "scs-SpecificCarrierList": [
          {
            "offsetToCarrier": 0,
            "subcarrierSpacing": "kHz15",
            "carrierBandwidth": 106,
            "txDirectCurrentLocation": 636
          }
        ]
      },
      "initialDownlinkBWP": {
        "genericParameters": {
          "locationAndBandwidth": 28875,
          "subcarrierSpacing": "kHz15"
        },
        "pdcch-ConfigCommon": {
          {
            "commonSearchSpaceList": [
              {
                "searchSpaceId": 1,
                "controlResourceSetId": 0,
                "monitoringSlotPeriodicityAndOffset": {
                },
                "monitoringSymbolsWithinSlot": "10000000000000",
                "nrofCandidates": {
                  "aggregationLevel1": "n0",
                  "aggregationLevel2": "n0",
                  "aggregationLevel4": "n1",
                  "aggregationLevel8": "n0",
                  "aggregationLevel16": "n0"
                },
                "searchSpaceType": {
                  "common": {
                    "dci-Format0-0-AndFormat1-0": {
                    }
                  }
                }
              }
            ],
            "searchSpaceSIB1": 0,
            "pagingSearchSpace": 1,
            "ra-SearchSpace": 1
          }
        },
        "pdsch-ConfigCommon": {
          {
            "pdsch-TimeDomainAllocationList": [
              {
                "mappingType": "typeA",
                "startSymbolAndLength": 40
              }
            ]
          }
        }
      },
      "bcch-Config": {
        "modificationPeriodCoeff": "n4"
      },
      "pcch-Config": {
        "defaultPagingCycle": "rf128",
        "nAndPagingFrameOffset": {
        },
        "ns": "one"
      }
    },
    "uplinkConfigCommon": {
      "frequencyInfoUL": {
        "frequencyBandList": [
          {
            "freqBandIndicatorNR": 3
          }
        ],
        "absoluteFrequencyPointA": 347592,
        "scs-SpecificCarrierList": [
          {
            "offsetToCarrier": 0,
            "subcarrierSpacing": "kHz15",
            "carrierBandwidth": 106
          }
        ]
      },
      "initialUplinkBWP": {
        "genericParameters": {
          "locationAndBandwidth": 28875,
          "subcarrierSpacing": "kHz15"
        },
        "rach-ConfigCommon": {
          {
            "rach-ConfigGeneric": {
              "prach-ConfigurationIndex": 1,
              "msg1-FDM": "one",
              "msg1-FrequencyStart": 8,
              "zeroCorrelationZoneConfig": 0,
              "preambleReceivedTargetPower": -100,
              "preambleTransMax": "n7",
              "powerRampingStep": "dB4",
              "ra-ResponseWindow": "sl10"
            },
            "ssb-perRACH-OccasionAndCB-PreamblesPerSSB": {
              "one": "n64"
            },
            "ra-ContentionResolutionTimer": "sf64",
            "prach-RootSequenceIndex": {
              "l839": 1
            },
            "restrictedSetConfig": "unrestrictedSet"
          }
        },
        "pusch-ConfigCommon": {
          {
            "pusch-TimeDomainAllocationList": [
              {
                "k2": 4,
                "mappingType": "typeA",
                "startSymbolAndLength": 27
              }
            ],
            "msg3-DeltaPreamble": 6,
            "p0-NominalWithGrant": -76
          }
        },
        "pucch-ConfigCommon": {
          {
            "pucch-ResourceCommon": 11,
            "pucch-GroupHopping": "neither",
            "p0-nominal": -90
          }
        }
      },
      "timeAlignmentTimerCommon": "infinity"
    },
    "n-TimingAdvanceOffset": "n25600",
    "ssb-PositionsInBurst": {
      "inOneGroup": "10000000"
    },
    "ssb-PeriodicityServingCell": "ms10",
    "ss-PBCH-BlockPower": -16
  },
  "ue-TimersAndConstants": {
    "t300": "ms1000",
    "t301": "ms1000",
    "t310": "ms1000",
    "n310": "n1",
    "t311": "ms3000",
    "n311": "n1",
    "t319": "ms1000"
  }
}
2025-08-01T22:05:54.197395 [DU-F1   ] [I] F1 Setup: Sending F1 Setup Request to CU-CP...
2025-08-01T22:05:54.197396 [DU-F1   ] [I] Tx PDU du=0 tid=0: F1SetupRequest
2025-08-01T22:05:54.197807 [CU-CP-F1] [I] Rx PDU du=0 tid=0: F1SetupRequest
2025-08-01T22:05:54.198134 [CU-CP-F1] [I] Tx PDU du=0 tid=0: F1SetupResponse
2025-08-01T22:05:54.198140 [DU-F1   ] [I] Rx PDU du=0 tid=0: F1SetupResponse
2025-08-01T22:05:54.198142 [DU-F1   ] [I] F1 Setup: Procedure completed successfully.
2025-08-01T22:05:54.214606 [DU-MNG  ] [I] DU manager started successfully.
2025-08-01T22:05:54.214607 [DU      ] [I] DU-High started successfully
2025-08-01T22:05:54.214610 [DU      ] [I] DU started successfully
2025-08-01T22:05:54.215312 [SCHED   ] [I] [   176.3] Processed slot events pci=1: Cell creation idx=0 pci=1
2025-08-01T22:05:54.529028 [RF      ] [W] Real-time failure in RF: underflow
2025-08-01T22:05:55.313257 [METRICS ] [I] Cell Scheduler Metrics: total_dl_brate= 0bps total_ul_brate= 0bps nof_prbs=106 nof_dl_slots=1000 nof_ul_slots=1000 error_indications=0 mean_latency=5usec latency_hist=[999, 0, 0, 0, 0, 0, 1, 0, 0, 0]
2025-08-01T22:05:56.313234 [METRICS ] [I] Cell Scheduler Metrics: total_dl_brate= 0bps total_ul_brate= 0bps nof_prbs=106 nof_dl_slots=1000 nof_ul_slots=1000 error_indications=0 mean_latency=5usec latency_hist=[1000, 0, 0, 0, 0, 0, 0, 0, 0, 0]
2025-08-01T22:05:57.313207 [METRICS ] [I] Cell Scheduler Metrics: total_dl_brate= 0bps total_ul_brate= 0bps nof_prbs=106 nof_dl_slots=1000 nof_ul_slots=1000 error_indications=0 mean_latency=5usec latency_hist=[1000, 0, 0, 0, 0, 0, 0, 0, 0, 0]
2025-08-01T22:05:58.313220 [METRICS ] [I] Cell Scheduler Metrics: total_dl_brate= 0bps total_ul_brate= 0bps nof_prbs=106 nof_dl_slots=1000 nof_ul_slots=1000 error_indications=0 mean_latency=6usec latency_hist=[999, 1, 0, 0, 0, 0, 0, 0, 0, 0]
2025-08-01T22:05:59.313176 [METRICS ] [I] Cell Scheduler Metrics: total_dl_brate= 0bps total_ul_brate= 0bps nof_prbs=106 nof_dl_slots=1000 nof_ul_slots=1000 error_indications=0 mean_latency=5usec latency_hist=[999, 0, 0, 0, 0, 1, 0, 0, 0, 0]
2025-08-01T22:06:00.313241 [METRICS ] [I] Cell Scheduler Metrics: total_dl_brate= 0bps total_ul_brate= 0bps nof_prbs=106 nof_dl_slots=1000 nof_ul_slots=1000 error_indications=0 mean_latency=5usec latency_hist=[999, 1, 0, 0, 0, 0, 0, 0, 0, 0]
2025-08-01T22:06:01.313259 [METRICS ] [I] Cell Scheduler Metrics: total_dl_brate= 0bps total_ul_brate= 0bps nof_prbs=106 nof_dl_slots=1000 nof_ul_slots=1000 error_indications=0 mean_latency=5usec latency_hist=[1000, 0, 0, 0, 0, 0, 0, 0, 0, 0]
2025-08-01T22:06:02.313219 [METRICS ] [I] Cell Scheduler Metrics: total_dl_brate= 0bps total_ul_brate= 0bps nof_prbs=106 nof_dl_slots=1000 nof_ul_slots=1000 error_indications=0 mean_latency=5usec latency_hist=[1000, 0, 0, 0, 0, 0, 0, 0, 0, 0]
2025-08-01T22:06:03.313235 [METRICS ] [I] Cell Scheduler Metrics: total_dl_brate= 0bps total_ul_brate= 0bps nof_prbs=106 nof_dl_slots=1000 nof_ul_slots=1000 error_indications=0 mean_latency=5usec latency_hist=[1000, 0, 0, 0, 0, 0, 0, 0, 0, 0]
2025-08-01T22:06:04.313212 [METRICS ] [I] Cell Scheduler Metrics: total_dl_brate= 0bps total_ul_brate= 0bps nof_prbs=106 nof_dl_slots=1000 nof_ul_slots=1000 error_indications=0 mean_latency=5usec latency_hist=[1000, 0, 0, 0, 0, 0, 0, 0, 0, 0]
2025-08-01T22:06:05.313231 [METRICS ] [I] Cell Scheduler Metrics: total_dl_brate= 0bps total_ul_brate= 0bps nof_prbs=106 nof_dl_slots=1000 nof_ul_slots=1000 error_indications=0 mean_latency=5usec latency_hist=[999, 1, 0, 0, 0, 0, 0, 0, 0, 0]
2025-08-01T22:06:06.313303 [METRICS ] [I] Cell Scheduler Metrics: total_dl_brate= 0bps total_ul_brate= 0bps nof_prbs=106 nof_dl_slots=1000 nof_ul_slots=1000 error_indications=0 mean_latency=5usec latency_hist=[1000, 0, 0, 0, 0, 0, 0, 0, 0, 0]
2025-08-01T22:06:07.313238 [METRICS ] [I] Cell Scheduler Metrics: total_dl_brate= 0bps total_ul_brate= 0bps nof_prbs=106 nof_dl_slots=1000 nof_ul_slots=1000 error_indications=0 mean_latency=5usec latency_hist=[999, 1, 0, 0, 0, 0, 0, 0, 0, 0]
2025-08-01T22:06:08.313288 [METRICS ] [I] Cell Scheduler Metrics: total_dl_brate= 0bps total_ul_brate= 0bps nof_prbs=106 nof_dl_slots=1000 nof_ul_slots=1000 error_indications=0 mean_latency=7usec latency_hist=[999, 0, 0, 0, 0, 1, 0, 0, 0, 0]
2025-08-01T22:06:09.313219 [METRICS ] [I] Cell Scheduler Metrics: total_dl_brate= 0bps total_ul_brate= 0bps nof_prbs=106 nof_dl_slots=1000 nof_ul_slots=1000 error_indications=0 mean_latency=5usec latency_hist=[1000, 0, 0, 0, 0, 0, 0, 0, 0, 0]
2025-08-01T22:06:10.313294 [METRICS ] [I] Cell Scheduler Metrics: total_dl_brate= 0bps total_ul_brate= 0bps nof_prbs=106 nof_dl_slots=1000 nof_ul_slots=1000 error_indications=0 mean_latency=5usec latency_hist=[1000, 0, 0, 0, 0, 0, 0, 0, 0, 0]
2025-08-01T22:06:11.313318 [METRICS ] [I] Cell Scheduler Metrics: total_dl_brate= 0bps total_ul_brate= 0bps nof_prbs=106 nof_dl_slots=1000 nof_ul_slots=1000 error_indications=0 mean_latency=5usec latency_hist=[1000, 0, 0, 0, 0, 0, 0, 0, 0, 0]
2025-08-01T22:06:12.313304 [METRICS ] [I] Cell Scheduler Metrics: total_dl_brate= 0bps total_ul_brate= 0bps nof_prbs=106 nof_dl_slots=1000 nof_ul_slots=1000 error_indications=0 mean_latency=5usec latency_hist=[1000, 0, 0, 0, 0, 0, 0, 0, 0, 0]
2025-08-01T22:06:13.313296 [METRICS ] [I] Cell Scheduler Metrics: total_dl_brate= 0bps total_ul_brate= 0bps nof_prbs=106 nof_dl_slots=1000 nof_ul_slots=1000 error_indications=0 mean_latency=5usec latency_hist=[999, 1, 0, 0, 0, 0, 0, 0, 0, 0]
2025-08-01T22:06:14.313232 [METRICS ] [I] Cell Scheduler Metrics: total_dl_brate= 0bps total_ul_brate= 0bps nof_prbs=106 nof_dl_slots=1000 nof_ul_slots=1000 error_indications=0 mean_latency=5usec latency_hist=[1000, 0, 0, 0, 0, 0, 0, 0, 0, 0]
2025-08-01T22:06:14.958183 [RF      ] [W] Real-time failure in RF: underflow
2025-08-01T22:06:15.313298 [METRICS ] [I] Cell Scheduler Metrics: total_dl_brate= 0bps total_ul_brate= 0bps nof_prbs=106 nof_dl_slots=1000 nof_ul_slots=1000 error_indications=0 mean_latency=5usec latency_hist=[1000, 0, 0, 0, 0, 0, 0, 0, 0, 0]
2025-08-01T22:06:16.313221 [METRICS ] [I] Cell Scheduler Metrics: total_dl_brate= 0bps total_ul_brate= 0bps nof_prbs=106 nof_dl_slots=1000 nof_ul_slots=1000 error_indications=0 mean_latency=5usec latency_hist=[1000, 0, 0, 0, 0, 0, 0, 0, 0, 0]
2025-08-01T22:06:17.313277 [METRICS ] [I] Cell Scheduler Metrics: total_dl_brate= 0bps total_ul_brate= 0bps nof_prbs=106 nof_dl_slots=1000 nof_ul_slots=1000 error_indications=0 mean_latency=5usec latency_hist=[1000, 0, 0, 0, 0, 0, 0, 0, 0, 0]
2025-08-01T22:06:18.313353 [METRICS ] [I] Cell Scheduler Metrics: total_dl_brate= 0bps total_ul_brate= 0bps nof_prbs=106 nof_dl_slots=1000 nof_ul_slots=1000 error_indications=0 mean_latency=7usec latency_hist=[1000, 0, 0, 0, 0, 0, 0, 0, 0, 0]
2025-08-01T22:06:19.313312 [METRICS ] [I] Cell Scheduler Metrics: total_dl_brate= 0bps total_ul_brate= 0bps nof_prbs=106 nof_dl_slots=1000 nof_ul_slots=1000 error_indications=0 mean_latency=5usec latency_hist=[1000, 0, 0, 0, 0, 0, 0, 0, 0, 0]
2025-08-01T22:06:20.313345 [METRICS ] [I] Cell Scheduler Metrics: total_dl_brate= 0bps total_ul_brate= 0bps nof_prbs=106 nof_dl_slots=1000 nof_ul_slots=1000 error_indications=0 mean_latency=5usec latency_hist=[1000, 0, 0, 0, 0, 0, 0, 0, 0, 0]
2025-08-01T22:06:21.313303 [METRICS ] [I] Cell Scheduler Metrics: total_dl_brate= 0bps total_ul_brate= 0bps nof_prbs=106 nof_dl_slots=1000 nof_ul_slots=1000 error_indications=0 mean_latency=5usec latency_hist=[1000, 0, 0, 0, 0, 0, 0, 0, 0, 0]
2025-08-01T22:06:22.313307 [METRICS ] [I] Cell Scheduler Metrics: total_dl_brate= 0bps total_ul_brate= 0bps nof_prbs=106 nof_dl_slots=1000 nof_ul_slots=1000 error_indications=0 mean_latency=5usec latency_hist=[1000, 0, 0, 0, 0, 0, 0, 0, 0, 0]
2025-08-01T22:06:23.313418 [METRICS ] [I] Cell Scheduler Metrics: total_dl_brate= 0bps total_ul_brate= 0bps nof_prbs=106 nof_dl_slots=1000 nof_ul_slots=1000 error_indications=0 mean_latency=5usec latency_hist=[1000, 0, 0, 0, 0, 0, 0, 0, 0, 0]
2025-08-01T22:06:23.408126 [RF      ] [W] Real-time failure in RF: underflow
2025-08-01T22:06:24.313352 [METRICS ] [I] Cell Scheduler Metrics: total_dl_brate= 0bps total_ul_brate= 0bps nof_prbs=106 nof_dl_slots=1000 nof_ul_slots=1000 error_indications=0 mean_latency=5usec latency_hist=[1000, 0, 0, 0, 0, 0, 0, 0, 0, 0]
2025-08-01T22:06:25.313362 [METRICS ] [I] Cell Scheduler Metrics: total_dl_brate= 0bps total_ul_brate= 0bps nof_prbs=106 nof_dl_slots=1000 nof_ul_slots=1000 error_indications=0 mean_latency=6usec latency_hist=[1000, 0, 0, 0, 0, 0, 0, 0, 0, 0]
2025-08-01T22:06:26.313330 [METRICS ] [I] Cell Scheduler Metrics: total_dl_brate= 0bps total_ul_brate= 0bps nof_prbs=106 nof_dl_slots=1000 nof_ul_slots=1000 error_indications=0 mean_latency=7usec latency_hist=[1000, 0, 0, 0, 0, 0, 0, 0, 0, 0]
2025-08-01T22:06:27.313384 [METRICS ] [I] Cell Scheduler Metrics: total_dl_brate= 0bps total_ul_brate= 0bps nof_prbs=106 nof_dl_slots=1000 nof_ul_slots=1000 error_indications=0 mean_latency=10usec latency_hist=[1000, 0, 0, 0, 0, 0, 0, 0, 0, 0]
2025-08-01T22:06:28.313510 [METRICS ] [I] Cell Scheduler Metrics: total_dl_brate= 0bps total_ul_brate= 0bps nof_prbs=106 nof_dl_slots=1000 nof_ul_slots=1000 error_indications=0 mean_latency=10usec latency_hist=[1000, 0, 0, 0, 0, 0, 0, 0, 0, 0]
2025-08-01T22:06:29.313380 [METRICS ] [I] Cell Scheduler Metrics: total_dl_brate= 0bps total_ul_brate= 0bps nof_prbs=106 nof_dl_slots=1000 nof_ul_slots=1000 error_indications=0 mean_latency=10usec latency_hist=[1000, 0, 0, 0, 0, 0, 0, 0, 0, 0]
2025-08-01T22:06:30.313472 [METRICS ] [I] Cell Scheduler Metrics: total_dl_brate= 0bps total_ul_brate= 0bps nof_prbs=106 nof_dl_slots=1000 nof_ul_slots=1000 error_indications=0 mean_latency=8usec latency_hist=[1000, 0, 0, 0, 0, 0, 0, 0, 0, 0]
2025-08-01T22:06:31.313374 [METRICS ] [I] Cell Scheduler Metrics: total_dl_brate= 0bps total_ul_brate= 0bps nof_prbs=106 nof_dl_slots=1000 nof_ul_slots=1000 error_indications=0 mean_latency=8usec latency_hist=[1000, 0, 0, 0, 0, 0, 0, 0, 0, 0]
2025-08-01T22:06:32.313367 [METRICS ] [I] Cell Scheduler Metrics: total_dl_brate= 0bps total_ul_brate= 0bps nof_prbs=106 nof_dl_slots=1000 nof_ul_slots=1000 error_indications=0 mean_latency=6usec latency_hist=[1000, 0, 0, 0, 0, 0, 0, 0, 0, 0]
2025-08-01T22:06:33.313304 [METRICS ] [I] Cell Scheduler Metrics: total_dl_brate= 0bps total_ul_brate= 0bps nof_prbs=106 nof_dl_slots=1000 nof_ul_slots=1000 error_indications=0 mean_latency=5usec latency_hist=[1000, 0, 0, 0, 0, 0, 0, 0, 0, 0]
2025-08-01T22:06:33.705505 [RF      ] [W] Real-time failure in RF: underflow
2025-08-01T22:06:34.313344 [METRICS ] [I] Cell Scheduler Metrics: total_dl_brate= 0bps total_ul_brate= 0bps nof_prbs=106 nof_dl_slots=1000 nof_ul_slots=1000 error_indications=0 mean_latency=5usec latency_hist=[999, 1, 0, 0, 0, 0, 0, 0, 0, 0]
2025-08-01T22:06:35.313459 [METRICS ] [I] Cell Scheduler Metrics: total_dl_brate= 0bps total_ul_brate= 0bps nof_prbs=106 nof_dl_slots=1000 nof_ul_slots=1000 error_indications=0 mean_latency=6usec latency_hist=[1000, 0, 0, 0, 0, 0, 0, 0, 0, 0]
2025-08-01T22:06:35.486928 [RF      ] [W] Real-time failure in RF: underflow
2025-08-01T22:06:35.487142 [RF      ] [W] Real-time failure in RF: underflow
2025-08-01T22:06:36.313374 [METRICS ] [I] Cell Scheduler Metrics: total_dl_brate= 0bps total_ul_brate= 0bps nof_prbs=106 nof_dl_slots=1000 nof_ul_slots=1000 error_indications=0 mean_latency=5usec latency_hist=[1000, 0, 0, 0, 0, 0, 0, 0, 0, 0]
2025-08-01T22:06:37.313381 [METRICS ] [I] Cell Scheduler Metrics: total_dl_brate= 0bps total_ul_brate= 0bps nof_prbs=106 nof_dl_slots=1000 nof_ul_slots=1000 error_indications=0 mean_latency=5usec latency_hist=[1000, 0, 0, 0, 0, 0, 0, 0, 0, 0]
2025-08-01T22:06:38.313409 [METRICS ] [I] Cell Scheduler Metrics: total_dl_brate= 0bps total_ul_brate= 0bps nof_prbs=106 nof_dl_slots=1000 nof_ul_slots=1000 error_indications=0 mean_latency=7usec latency_hist=[1000, 0, 0, 0, 0, 0, 0, 0, 0, 0]
2025-08-01T22:06:39.313439 [METRICS ] [I] Cell Scheduler Metrics: total_dl_brate= 0bps total_ul_brate= 0bps nof_prbs=106 nof_dl_slots=1000 nof_ul_slots=1000 error_indications=0 mean_latency=5usec latency_hist=[1000, 0, 0, 0, 0, 0, 0, 0, 0, 0]
2025-08-01T22:06:39.923196 [RF      ] [W] Real-time failure in RF: underflow
2025-08-01T22:06:40.313448 [METRICS ] [I] Cell Scheduler Metrics: total_dl_brate= 0bps total_ul_brate= 0bps nof_prbs=106 nof_dl_slots=1000 nof_ul_slots=1000 error_indications=0 mean_latency=5usec latency_hist=[1000, 0, 0, 0, 0, 0, 0, 0, 0, 0]
2025-08-01T22:06:41.313375 [METRICS ] [I] Cell Scheduler Metrics: total_dl_brate= 0bps total_ul_brate= 0bps nof_prbs=106 nof_dl_slots=1000 nof_ul_slots=1000 error_indications=0 mean_latency=4usec latency_hist=[1000, 0, 0, 0, 0, 0, 0, 0, 0, 0]
2025-08-01T22:06:42.313465 [METRICS ] [I] Cell Scheduler Metrics: total_dl_brate= 0bps total_ul_brate= 0bps nof_prbs=106 nof_dl_slots=1000 nof_ul_slots=1000 error_indications=0 mean_latency=5usec latency_hist=[1000, 0, 0, 0, 0, 0, 0, 0, 0, 0]
2025-08-01T22:06:43.313369 [METRICS ] [I] Cell Scheduler Metrics: total_dl_brate= 0bps total_ul_brate= 0bps nof_prbs=106 nof_dl_slots=1000 nof_ul_slots=1000 error_indications=0 mean_latency=5usec latency_hist=[1000, 0, 0, 0, 0, 0, 0, 0, 0, 0]
2025-08-01T22:06:44.009184 [RF      ] [W] Real-time failure in RF: underflow
2025-08-01T22:06:44.313447 [METRICS ] [I] Cell Scheduler Metrics: total_dl_brate= 0bps total_ul_brate= 0bps nof_prbs=106 nof_dl_slots=1000 nof_ul_slots=1000 error_indications=0 mean_latency=5usec latency_hist=[1000, 0, 0, 0, 0, 0, 0, 0, 0, 0]
2025-08-01T22:06:44.795689 [RF      ] [W] Real-time failure in RF: underflow
2025-08-01T22:06:45.313466 [METRICS ] [I] Cell Scheduler Metrics: total_dl_brate= 0bps total_ul_brate= 0bps nof_prbs=106 nof_dl_slots=1000 nof_ul_slots=1000 error_indications=0 mean_latency=5usec latency_hist=[1000, 0, 0, 0, 0, 0, 0, 0, 0, 0]
2025-08-01T22:06:46.096869 [RF      ] [W] Real-time failure in RF: underflow
2025-08-01T22:06:46.313384 [METRICS ] [I] Cell Scheduler Metrics: total_dl_brate= 0bps total_ul_brate= 0bps nof_prbs=106 nof_dl_slots=1000 nof_ul_slots=1000 error_indications=0 mean_latency=5usec latency_hist=[1000, 0, 0, 0, 0, 0, 0, 0, 0, 0]
2025-08-01T22:06:46.566243 [RF      ] [W] Real-time failure in RF: underflow
2025-08-01T22:06:47.313444 [METRICS ] [I] Cell Scheduler Metrics: total_dl_brate= 0bps total_ul_brate= 0bps nof_prbs=106 nof_dl_slots=1000 nof_ul_slots=1000 error_indications=0 mean_latency=4usec latency_hist=[1000, 0, 0, 0, 0, 0, 0, 0, 0, 0]
2025-08-01T22:06:48.313472 [METRICS ] [I] Cell Scheduler Metrics: total_dl_brate= 0bps total_ul_brate= 0bps nof_prbs=106 nof_dl_slots=1000 nof_ul_slots=1000 error_indications=0 mean_latency=6usec latency_hist=[1000, 0, 0, 0, 0, 0, 0, 0, 0, 0]
2025-08-01T22:06:49.313438 [METRICS ] [I] Cell Scheduler Metrics: total_dl_brate= 0bps total_ul_brate= 0bps nof_prbs=106 nof_dl_slots=1000 nof_ul_slots=1000 error_indications=0 mean_latency=5usec latency_hist=[1000, 0, 0, 0, 0, 0, 0, 0, 0, 0]
2025-08-01T22:06:50.313453 [METRICS ] [I] Cell Scheduler Metrics: total_dl_brate= 0bps total_ul_brate= 0bps nof_prbs=106 nof_dl_slots=1000 nof_ul_slots=1000 error_indications=0 mean_latency=5usec latency_hist=[1000, 0, 0, 0, 0, 0, 0, 0, 0, 0]
2025-08-01T22:06:51.313437 [METRICS ] [I] Cell Scheduler Metrics: total_dl_brate= 0bps total_ul_brate= 0bps nof_prbs=106 nof_dl_slots=1000 nof_ul_slots=1000 error_indications=0 mean_latency=4usec latency_hist=[1000, 0, 0, 0, 0, 0, 0, 0, 0, 0]
2025-08-01T22:06:52.313463 [METRICS ] [I] Cell Scheduler Metrics: total_dl_brate= 0bps total_ul_brate= 0bps nof_prbs=106 nof_dl_slots=1000 nof_ul_slots=1000 error_indications=0 mean_latency=5usec latency_hist=[1000, 0, 0, 0, 0, 0, 0, 0, 0, 0]
2025-08-01T22:06:53.313457 [METRICS ] [I] Cell Scheduler Metrics: total_dl_brate= 0bps total_ul_brate= 0bps nof_prbs=106 nof_dl_slots=1000 nof_ul_slots=1000 error_indications=0 mean_latency=5usec latency_hist=[1000, 0, 0, 0, 0, 0, 0, 0, 0, 0]
2025-08-01T22:06:54.313503 [METRICS ] [I] Cell Scheduler Metrics: total_dl_brate= 0bps total_ul_brate= 0bps nof_prbs=106 nof_dl_slots=1000 nof_ul_slots=1000 error_indications=0 mean_latency=5usec latency_hist=[1000, 0, 0, 0, 0, 0, 0, 0, 0, 0]
2025-08-01T22:06:55.313435 [METRICS ] [I] Cell Scheduler Metrics: total_dl_brate= 0bps total_ul_brate= 0bps nof_prbs=106 nof_dl_slots=1000 nof_ul_slots=1000 error_indications=0 mean_latency=4usec latency_hist=[1000, 0, 0, 0, 0, 0, 0, 0, 0, 0]
2025-08-01T22:06:56.313501 [METRICS ] [I] Cell Scheduler Metrics: total_dl_brate= 0bps total_ul_brate= 0bps nof_prbs=106 nof_dl_slots=1000 nof_ul_slots=1000 error_indications=0 mean_latency=5usec latency_hist=[1000, 0, 0, 0, 0, 0, 0, 0, 0, 0]
2025-08-01T22:06:57.313579 [METRICS ] [I] Cell Scheduler Metrics: total_dl_brate= 0bps total_ul_brate= 0bps nof_prbs=106 nof_dl_slots=1000 nof_ul_slots=1000 error_indications=0 mean_latency=4usec latency_hist=[1000, 0, 0, 0, 0, 0, 0, 0, 0, 0]
2025-08-01T22:06:58.313437 [METRICS ] [I] Cell Scheduler Metrics: total_dl_brate= 0bps total_ul_brate= 0bps nof_prbs=106 nof_dl_slots=1000 nof_ul_slots=1000 error_indications=0 mean_latency=6usec latency_hist=[1000, 0, 0, 0, 0, 0, 0, 0, 0, 0]
2025-08-01T22:06:59.313591 [METRICS ] [I] Cell Scheduler Metrics: total_dl_brate= 0bps total_ul_brate= 0bps nof_prbs=106 nof_dl_slots=1000 nof_ul_slots=1000 error_indications=0 mean_latency=5usec latency_hist=[1000, 0, 0, 0, 0, 0, 0, 0, 0, 0]
2025-08-01T22:07:00.313454 [METRICS ] [I] Cell Scheduler Metrics: total_dl_brate= 0bps total_ul_brate= 0bps nof_prbs=106 nof_dl_slots=1000 nof_ul_slots=1000 error_indications=0 mean_latency=5usec latency_hist=[1000, 0, 0, 0, 0, 0, 0, 0, 0, 0]
2025-08-01T22:07:01.313450 [METRICS ] [I] Cell Scheduler Metrics: total_dl_brate= 0bps total_ul_brate= 0bps nof_prbs=106 nof_dl_slots=1000 nof_ul_slots=1000 error_indications=0 mean_latency=5usec latency_hist=[1000, 0, 0, 0, 0, 0, 0, 0, 0, 0]
2025-08-01T22:07:02.313525 [METRICS ] [I] Cell Scheduler Metrics: total_dl_brate= 0bps total_ul_brate= 0bps nof_prbs=106 nof_dl_slots=1000 nof_ul_slots=1000 error_indications=0 mean_latency=5usec latency_hist=[1000, 0, 0, 0, 0, 0, 0, 0, 0, 0]
2025-08-01T22:07:03.313465 [METRICS ] [I] Cell Scheduler Metrics: total_dl_brate= 0bps total_ul_brate= 0bps nof_prbs=106 nof_dl_slots=1000 nof_ul_slots=1000 error_indications=0 mean_latency=5usec latency_hist=[1000, 0, 0, 0, 0, 0, 0, 0, 0, 0]
2025-08-01T22:07:04.313532 [METRICS ] [I] Cell Scheduler Metrics: total_dl_brate= 0bps total_ul_brate= 0bps nof_prbs=106 nof_dl_slots=1000 nof_ul_slots=1000 error_indications=0 mean_latency=5usec latency_hist=[1000, 0, 0, 0, 0, 0, 0, 0, 0, 0]
2025-08-01T22:07:05.313442 [METRICS ] [I] Cell Scheduler Metrics: total_dl_brate= 0bps total_ul_brate= 0bps nof_prbs=106 nof_dl_slots=1000 nof_ul_slots=1000 error_indications=0 mean_latency=5usec latency_hist=[1000, 0, 0, 0, 0, 0, 0, 0, 0, 0]
2025-08-01T22:07:06.313535 [METRICS ] [I] Cell Scheduler Metrics: total_dl_brate= 0bps total_ul_brate= 0bps nof_prbs=106 nof_dl_slots=1000 nof_ul_slots=1000 error_indications=0 mean_latency=5usec latency_hist=[1000, 0, 0, 0, 0, 0, 0, 0, 0, 0]
2025-08-01T22:07:07.313464 [METRICS ] [I] Cell Scheduler Metrics: total_dl_brate= 0bps total_ul_brate= 0bps nof_prbs=106 nof_dl_slots=1000 nof_ul_slots=1000 error_indications=0 mean_latency=5usec latency_hist=[1000, 0, 0, 0, 0, 0, 0, 0, 0, 0]
2025-08-01T22:07:08.313533 [METRICS ] [I] Cell Scheduler Metrics: total_dl_brate= 0bps total_ul_brate= 0bps nof_prbs=106 nof_dl_slots=1000 nof_ul_slots=1000 error_indications=0 mean_latency=5usec latency_hist=[1000, 0, 0, 0, 0, 0, 0, 0, 0, 0]
2025-08-01T22:07:09.313530 [METRICS ] [I] Cell Scheduler Metrics: total_dl_brate= 0bps total_ul_brate= 0bps nof_prbs=106 nof_dl_slots=1000 nof_ul_slots=1000 error_indications=0 mean_latency=5usec latency_hist=[1000, 0, 0, 0, 0, 0, 0, 0, 0, 0]
2025-08-01T22:07:10.313522 [METRICS ] [I] Cell Scheduler Metrics: total_dl_brate= 0bps total_ul_brate= 0bps nof_prbs=106 nof_dl_slots=1000 nof_ul_slots=1000 error_indications=0 mean_latency=5usec latency_hist=[1000, 0, 0, 0, 0, 0, 0, 0, 0, 0]
2025-08-01T22:07:11.313535 [METRICS ] [I] Cell Scheduler Metrics: total_dl_brate= 0bps total_ul_brate= 0bps nof_prbs=106 nof_dl_slots=1000 nof_ul_slots=1000 error_indications=0 mean_latency=4usec latency_hist=[1000, 0, 0, 0, 0, 0, 0, 0, 0, 0]
2025-08-01T22:07:12.313534 [METRICS ] [I] Cell Scheduler Metrics: total_dl_brate= 0bps total_ul_brate= 0bps nof_prbs=106 nof_dl_slots=1000 nof_ul_slots=1000 error_indications=0 mean_latency=5usec latency_hist=[1000, 0, 0, 0, 0, 0, 0, 0, 0, 0]
2025-08-01T22:07:13.313505 [METRICS ] [I] Cell Scheduler Metrics: total_dl_brate= 0bps total_ul_brate= 0bps nof_prbs=106 nof_dl_slots=1000 nof_ul_slots=1000 error_indications=0 mean_latency=5usec latency_hist=[1000, 0, 0, 0, 0, 0, 0, 0, 0, 0]
2025-08-01T22:07:14.313620 [METRICS ] [I] Cell Scheduler Metrics: total_dl_brate= 0bps total_ul_brate= 0bps nof_prbs=106 nof_dl_slots=1000 nof_ul_slots=1000 error_indications=0 mean_latency=5usec latency_hist=[1000, 0, 0, 0, 0, 0, 0, 0, 0, 0]
2025-08-01T22:07:15.313493 [METRICS ] [I] Cell Scheduler Metrics: total_dl_brate= 0bps total_ul_brate= 0bps nof_prbs=106 nof_dl_slots=1000 nof_ul_slots=1000 error_indications=0 mean_latency=4usec latency_hist=[1000, 0, 0, 0, 0, 0, 0, 0, 0, 0]
2025-08-01T22:07:16.313614 [METRICS ] [I] Cell Scheduler Metrics: total_dl_brate= 0bps total_ul_brate= 0bps nof_prbs=106 nof_dl_slots=1000 nof_ul_slots=1000 error_indications=0 mean_latency=5usec latency_hist=[999, 1, 0, 0, 0, 0, 0, 0, 0, 0]
2025-08-01T22:07:17.313537 [METRICS ] [I] Cell Scheduler Metrics: total_dl_brate= 0bps total_ul_brate= 0bps nof_prbs=106 nof_dl_slots=1000 nof_ul_slots=1000 error_indications=0 mean_latency=4usec latency_hist=[1000, 0, 0, 0, 0, 0, 0, 0, 0, 0]
2025-08-01T22:07:18.313604 [METRICS ] [I] Cell Scheduler Metrics: total_dl_brate= 0bps total_ul_brate= 0bps nof_prbs=106 nof_dl_slots=1000 nof_ul_slots=1000 error_indications=0 mean_latency=6usec latency_hist=[1000, 0, 0, 0, 0, 0, 0, 0, 0, 0]
2025-08-01T22:07:19.313595 [METRICS ] [I] Cell Scheduler Metrics: total_dl_brate= 0bps total_ul_brate= 0bps nof_prbs=106 nof_dl_slots=1000 nof_ul_slots=1000 error_indications=0 mean_latency=5usec latency_hist=[1000, 0, 0, 0, 0, 0, 0, 0, 0, 0]
2025-08-01T22:07:20.313527 [METRICS ] [I] Cell Scheduler Metrics: total_dl_brate= 0bps total_ul_brate= 0bps nof_prbs=106 nof_dl_slots=1000 nof_ul_slots=1000 error_indications=0 mean_latency=4usec latency_hist=[1000, 0, 0, 0, 0, 0, 0, 0, 0, 0]
2025-08-01T22:07:21.313612 [METRICS ] [I] Cell Scheduler Metrics: total_dl_brate= 0bps total_ul_brate= 0bps nof_prbs=106 nof_dl_slots=1000 nof_ul_slots=1000 error_indications=0 mean_latency=5usec latency_hist=[999, 1, 0, 0, 0, 0, 0, 0, 0, 0]
2025-08-01T22:07:22.313533 [METRICS ] [I] Cell Scheduler Metrics: total_dl_brate= 0bps total_ul_brate= 0bps nof_prbs=106 nof_dl_slots=1000 nof_ul_slots=1000 error_indications=0 mean_latency=5usec latency_hist=[1000, 0, 0, 0, 0, 0, 0, 0, 0, 0]
2025-08-01T22:07:23.313605 [METRICS ] [I] Cell Scheduler Metrics: total_dl_brate= 0bps total_ul_brate= 0bps nof_prbs=106 nof_dl_slots=1000 nof_ul_slots=1000 error_indications=0 mean_latency=5usec latency_hist=[1000, 0, 0, 0, 0, 0, 0, 0, 0, 0]
2025-08-01T22:07:24.313497 [METRICS ] [I] Cell Scheduler Metrics: total_dl_brate= 0bps total_ul_brate= 0bps nof_prbs=106 nof_dl_slots=1000 nof_ul_slots=1000 error_indications=0 mean_latency=5usec latency_hist=[1000, 0, 0, 0, 0, 0, 0, 0, 0, 0]
2025-08-01T22:07:25.313585 [METRICS ] [I] Cell Scheduler Metrics: total_dl_brate= 0bps total_ul_brate= 0bps nof_prbs=106 nof_dl_slots=1000 nof_ul_slots=1000 error_indications=0 mean_latency=5usec latency_hist=[1000, 0, 0, 0, 0, 0, 0, 0, 0, 0]
2025-08-01T22:07:26.027388 [RF      ] [W] Real-time failure in RF: underflow
2025-08-01T22:07:26.313630 [METRICS ] [I] Cell Scheduler Metrics: total_dl_brate= 0bps total_ul_brate= 0bps nof_prbs=106 nof_dl_slots=1000 nof_ul_slots=1000 error_indications=0 mean_latency=5usec latency_hist=[1000, 0, 0, 0, 0, 0, 0, 0, 0, 0]
2025-08-01T22:07:27.313545 [METRICS ] [I] Cell Scheduler Metrics: total_dl_brate= 0bps total_ul_brate= 0bps nof_prbs=106 nof_dl_slots=1000 nof_ul_slots=1000 error_indications=0 mean_latency=5usec latency_hist=[1000, 0, 0, 0, 0, 0, 0, 0, 0, 0]
2025-08-01T22:07:28.313604 [METRICS ] [I] Cell Scheduler Metrics: total_dl_brate= 0bps total_ul_brate= 0bps nof_prbs=106 nof_dl_slots=1000 nof_ul_slots=1000 error_indications=0 mean_latency=5usec latency_hist=[1000, 0, 0, 0, 0, 0, 0, 0, 0, 0]
2025-08-01T22:07:29.313536 [METRICS ] [I] Cell Scheduler Metrics: total_dl_brate= 0bps total_ul_brate= 0bps nof_prbs=106 nof_dl_slots=1000 nof_ul_slots=1000 error_indications=0 mean_latency=5usec latency_hist=[1000, 0, 0, 0, 0, 0, 0, 0, 0, 0]
2025-08-01T22:07:30.313612 [METRICS ] [I] Cell Scheduler Metrics: total_dl_brate= 0bps total_ul_brate= 0bps nof_prbs=106 nof_dl_slots=1000 nof_ul_slots=1000 error_indications=0 mean_latency=4usec latency_hist=[1000, 0, 0, 0, 0, 0, 0, 0, 0, 0]
2025-08-01T22:07:31.313638 [METRICS ] [I] Cell Scheduler Metrics: total_dl_brate= 0bps total_ul_brate= 0bps nof_prbs=106 nof_dl_slots=1000 nof_ul_slots=1000 error_indications=0 mean_latency=5usec latency_hist=[1000, 0, 0, 0, 0, 0, 0, 0, 0, 0]
2025-08-01T22:07:32.313567 [METRICS ] [I] Cell Scheduler Metrics: total_dl_brate= 0bps total_ul_brate= 0bps nof_prbs=106 nof_dl_slots=1000 nof_ul_slots=1000 error_indications=0 mean_latency=5usec latency_hist=[1000, 0, 0, 0, 0, 0, 0, 0, 0, 0]
2025-08-01T22:07:33.313676 [METRICS ] [I] Cell Scheduler Metrics: total_dl_brate= 0bps total_ul_brate= 0bps nof_prbs=106 nof_dl_slots=1000 nof_ul_slots=1000 error_indications=0 mean_latency=5usec latency_hist=[1000, 0, 0, 0, 0, 0, 0, 0, 0, 0]
2025-08-01T22:07:34.313607 [METRICS ] [I] Cell Scheduler Metrics: total_dl_brate= 0bps total_ul_brate= 0bps nof_prbs=106 nof_dl_slots=1000 nof_ul_slots=1000 error_indications=0 mean_latency=5usec latency_hist=[1000, 0, 0, 0, 0, 0, 0, 0, 0, 0]
2025-08-01T22:07:35.313615 [METRICS ] [I] Cell Scheduler Metrics: total_dl_brate= 0bps total_ul_brate= 0bps nof_prbs=106 nof_dl_slots=1000 nof_ul_slots=1000 error_indications=0 mean_latency=5usec latency_hist=[1000, 0, 0, 0, 0, 0, 0, 0, 0, 0]
2025-08-01T22:07:36.313676 [METRICS ] [I] Cell Scheduler Metrics: total_dl_brate= 0bps total_ul_brate= 0bps nof_prbs=106 nof_dl_slots=1000 nof_ul_slots=1000 error_indications=0 mean_latency=5usec latency_hist=[1000, 0, 0, 0, 0, 0, 0, 0, 0, 0]
2025-08-01T22:07:37.313629 [METRICS ] [I] Cell Scheduler Metrics: total_dl_brate= 0bps total_ul_brate= 0bps nof_prbs=106 nof_dl_slots=1000 nof_ul_slots=1000 error_indications=0 mean_latency=4usec latency_hist=[1000, 0, 0, 0, 0, 0, 0, 0, 0, 0]
2025-08-01T22:07:38.313661 [METRICS ] [I] Cell Scheduler Metrics: total_dl_brate= 0bps total_ul_brate= 0bps nof_prbs=106 nof_dl_slots=1000 nof_ul_slots=1000 error_indications=0 mean_latency=6usec latency_hist=[1000, 0, 0, 0, 0, 0, 0, 0, 0, 0]
2025-08-01T22:07:39.313619 [METRICS ] [I] Cell Scheduler Metrics: total_dl_brate= 0bps total_ul_brate= 0bps nof_prbs=106 nof_dl_slots=1000 nof_ul_slots=1000 error_indications=0 mean_latency=5usec latency_hist=[1000, 0, 0, 0, 0, 0, 0, 0, 0, 0]
2025-08-01T22:07:40.313660 [METRICS ] [I] Cell Scheduler Metrics: total_dl_brate= 0bps total_ul_brate= 0bps nof_prbs=106 nof_dl_slots=1000 nof_ul_slots=1000 error_indications=0 mean_latency=4usec latency_hist=[1000, 0, 0, 0, 0, 0, 0, 0, 0, 0]
2025-08-01T22:07:41.313618 [METRICS ] [I] Cell Scheduler Metrics: total_dl_brate= 0bps total_ul_brate= 0bps nof_prbs=106 nof_dl_slots=1000 nof_ul_slots=1000 error_indications=0 mean_latency=4usec latency_hist=[1000, 0, 0, 0, 0, 0, 0, 0, 0, 0]
2025-08-01T22:07:42.313656 [METRICS ] [I] Cell Scheduler Metrics: total_dl_brate= 0bps total_ul_brate= 0bps nof_prbs=106 nof_dl_slots=1000 nof_ul_slots=1000 error_indications=0 mean_latency=4usec latency_hist=[1000, 0, 0, 0, 0, 0, 0, 0, 0, 0]
2025-08-01T22:07:43.313681 [METRICS ] [I] Cell Scheduler Metrics: total_dl_brate= 0bps total_ul_brate= 0bps nof_prbs=106 nof_dl_slots=1000 nof_ul_slots=1000 error_indications=0 mean_latency=5usec latency_hist=[1000, 0, 0, 0, 0, 0, 0, 0, 0, 0]
2025-08-01T22:07:44.313682 [METRICS ] [I] Cell Scheduler Metrics: total_dl_brate= 0bps total_ul_brate= 0bps nof_prbs=106 nof_dl_slots=1000 nof_ul_slots=1000 error_indications=0 mean_latency=5usec latency_hist=[1000, 0, 0, 0, 0, 0, 0, 0, 0, 0]
2025-08-01T22:07:45.313656 [METRICS ] [I] Cell Scheduler Metrics: total_dl_brate= 0bps total_ul_brate= 0bps nof_prbs=106 nof_dl_slots=1000 nof_ul_slots=1000 error_indications=0 mean_latency=5usec latency_hist=[1000, 0, 0, 0, 0, 0, 0, 0, 0, 0]
2025-08-01T22:07:46.313632 [METRICS ] [I] Cell Scheduler Metrics: total_dl_brate= 0bps total_ul_brate= 0bps nof_prbs=106 nof_dl_slots=1000 nof_ul_slots=1000 error_indications=0 mean_latency=5usec latency_hist=[1000, 0, 0, 0, 0, 0, 0, 0, 0, 0]
2025-08-01T22:07:47.313650 [METRICS ] [I] Cell Scheduler Metrics: total_dl_brate= 0bps total_ul_brate= 0bps nof_prbs=106 nof_dl_slots=1000 nof_ul_slots=1000 error_indications=0 mean_latency=5usec latency_hist=[1000, 0, 0, 0, 0, 0, 0, 0, 0, 0]
2025-08-01T22:07:48.107458 [RF      ] [W] Real-time failure in RF: underflow
2025-08-01T22:07:48.108473 [RF      ] [W] Real-time failure in RF: underflow
2025-08-01T22:07:48.115478 [RF      ] [W] Real-time failure in RF: underflow
2025-08-01T22:07:48.125483 [RF      ] [W] Real-time failure in RF: underflow
2025-08-01T22:07:48.128509 [RF      ] [W] Real-time failure in RF: late
2025-08-01T22:07:48.145480 [RF      ] [W] Real-time failure in RF: underflow
2025-08-01T22:07:48.148527 [RF      ] [W] Real-time failure in RF: late
2025-08-01T22:07:48.155819 [RF      ] [W] Real-time failure in RF: underflow
2025-08-01T22:07:48.165533 [RF      ] [W] Real-time failure in RF: underflow
2025-08-01T22:07:48.168636 [RF      ] [W] Real-time failure in RF: late
2025-08-01T22:07:48.168651 [RF      ] [W] Real-time failure in RF: late
2025-08-01T22:07:48.175487 [RF      ] [W] Real-time failure in RF: underflow
2025-08-01T22:07:48.185484 [RF      ] [W] Real-time failure in RF: underflow
2025-08-01T22:07:48.195509 [RF      ] [W] Real-time failure in RF: underflow
2025-08-01T22:07:48.205477 [RF      ] [W] Real-time failure in RF: underflow
2025-08-01T22:07:48.208566 [RF      ] [W] Real-time failure in RF: late
2025-08-01T22:07:48.215495 [RF      ] [W] Real-time failure in RF: underflow
2025-08-01T22:07:48.313730 [METRICS ] [I] Cell Scheduler Metrics: total_dl_brate= 0bps total_ul_brate= 0bps nof_prbs=106 nof_dl_slots=1000 nof_ul_slots=1000 error_indications=0 mean_latency=8usec latency_hist=[1000, 0, 0, 0, 0, 0, 0, 0, 0, 0]
2025-08-01T22:07:49.313652 [METRICS ] [I] Cell Scheduler Metrics: total_dl_brate= 0bps total_ul_brate= 0bps nof_prbs=106 nof_dl_slots=1000 nof_ul_slots=1000 error_indications=0 mean_latency=5usec latency_hist=[1000, 0, 0, 0, 0, 0, 0, 0, 0, 0]
2025-08-01T22:07:50.313739 [METRICS ] [I] Cell Scheduler Metrics: total_dl_brate= 0bps total_ul_brate= 0bps nof_prbs=106 nof_dl_slots=1000 nof_ul_slots=1000 error_indications=0 mean_latency=5usec latency_hist=[1000, 0, 0, 0, 0, 0, 0, 0, 0, 0]
2025-08-01T22:07:51.313625 [METRICS ] [I] Cell Scheduler Metrics: total_dl_brate= 0bps total_ul_brate= 0bps nof_prbs=106 nof_dl_slots=1000 nof_ul_slots=1000 error_indications=0 mean_latency=5usec latency_hist=[999, 1, 0, 0, 0, 0, 0, 0, 0, 0]
2025-08-01T22:07:52.313719 [METRICS ] [I] Cell Scheduler Metrics: total_dl_brate= 0bps total_ul_brate= 0bps nof_prbs=106 nof_dl_slots=1000 nof_ul_slots=1000 error_indications=0 mean_latency=5usec latency_hist=[1000, 0, 0, 0, 0, 0, 0, 0, 0, 0]
2025-08-01T22:07:53.313771 [METRICS ] [I] Cell Scheduler Metrics: total_dl_brate= 0bps total_ul_brate= 0bps nof_prbs=106 nof_dl_slots=1000 nof_ul_slots=1000 error_indications=0 mean_latency=5usec latency_hist=[1000, 0, 0, 0, 0, 0, 0, 0, 0, 0]
2025-08-01T22:07:54.313690 [METRICS ] [I] Cell Scheduler Metrics: total_dl_brate= 0bps total_ul_brate= 0bps nof_prbs=106 nof_dl_slots=1000 nof_ul_slots=1000 error_indications=0 mean_latency=5usec latency_hist=[1000, 0, 0, 0, 0, 0, 0, 0, 0, 0]
2025-08-01T22:07:55.313756 [METRICS ] [I] Cell Scheduler Metrics: total_dl_brate= 0bps total_ul_brate= 0bps nof_prbs=106 nof_dl_slots=1000 nof_ul_slots=1000 error_indications=0 mean_latency=5usec latency_hist=[1000, 0, 0, 0, 0, 0, 0, 0, 0, 0]
2025-08-01T22:07:56.313750 [METRICS ] [I] Cell Scheduler Metrics: total_dl_brate= 0bps total_ul_brate= 0bps nof_prbs=106 nof_dl_slots=1000 nof_ul_slots=1000 error_indications=0 mean_latency=5usec latency_hist=[1000, 0, 0, 0, 0, 0, 0, 0, 0, 0]
2025-08-01T22:07:57.313802 [METRICS ] [I] Cell Scheduler Metrics: total_dl_brate= 0bps total_ul_brate= 0bps nof_prbs=106 nof_dl_slots=1000 nof_ul_slots=1000 error_indications=0 mean_latency=4usec latency_hist=[1000, 0, 0, 0, 0, 0, 0, 0, 0, 0]
2025-08-01T22:07:58.313675 [METRICS ] [I] Cell Scheduler Metrics: total_dl_brate= 0bps total_ul_brate= 0bps nof_prbs=106 nof_dl_slots=1000 nof_ul_slots=1000 error_indications=0 mean_latency=6usec latency_hist=[1000, 0, 0, 0, 0, 0, 0, 0, 0, 0]
2025-08-01T22:07:59.313695 [METRICS ] [I] Cell Scheduler Metrics: total_dl_brate= 0bps total_ul_brate= 0bps nof_prbs=106 nof_dl_slots=1000 nof_ul_slots=1000 error_indications=0 mean_latency=5usec latency_hist=[1000, 0, 0, 0, 0, 0, 0, 0, 0, 0]
2025-08-01T22:08:00.313763 [METRICS ] [I] Cell Scheduler Metrics: total_dl_brate= 0bps total_ul_brate= 0bps nof_prbs=106 nof_dl_slots=1000 nof_ul_slots=1000 error_indications=0 mean_latency=4usec latency_hist=[1000, 0, 0, 0, 0, 0, 0, 0, 0, 0]
2025-08-01T22:08:01.313687 [METRICS ] [I] Cell Scheduler Metrics: total_dl_brate= 0bps total_ul_brate= 0bps nof_prbs=106 nof_dl_slots=1000 nof_ul_slots=1000 error_indications=0 mean_latency=5usec latency_hist=[1000, 0, 0, 0, 0, 0, 0, 0, 0, 0]
2025-08-01T22:08:02.313757 [METRICS ] [I] Cell Scheduler Metrics: total_dl_brate= 0bps total_ul_brate= 0bps nof_prbs=106 nof_dl_slots=1000 nof_ul_slots=1000 error_indications=0 mean_latency=5usec latency_hist=[1000, 0, 0, 0, 0, 0, 0, 0, 0, 0]
2025-08-01T22:08:03.313665 [METRICS ] [I] Cell Scheduler Metrics: total_dl_brate= 0bps total_ul_brate= 0bps nof_prbs=106 nof_dl_slots=1000 nof_ul_slots=1000 error_indications=0 mean_latency=5usec latency_hist=[1000, 0, 0, 0, 0, 0, 0, 0, 0, 0]
2025-08-01T22:08:04.313757 [METRICS ] [I] Cell Scheduler Metrics: total_dl_brate= 0bps total_ul_brate= 0bps nof_prbs=106 nof_dl_slots=1000 nof_ul_slots=1000 error_indications=0 mean_latency=5usec latency_hist=[1000, 0, 0, 0, 0, 0, 0, 0, 0, 0]
2025-08-01T22:08:05.313828 [METRICS ] [I] Cell Scheduler Metrics: total_dl_brate= 0bps total_ul_brate= 0bps nof_prbs=106 nof_dl_slots=1000 nof_ul_slots=1000 error_indications=0 mean_latency=5usec latency_hist=[1000, 0, 0, 0, 0, 0, 0, 0, 0, 0]
2025-08-01T22:08:06.313865 [METRICS ] [I] Cell Scheduler Metrics: total_dl_brate= 0bps total_ul_brate= 0bps nof_prbs=106 nof_dl_slots=1000 nof_ul_slots=1000 error_indications=0 mean_latency=5usec latency_hist=[1000, 0, 0, 0, 0, 0, 0, 0, 0, 0]
2025-08-01T22:08:07.313804 [METRICS ] [I] Cell Scheduler Metrics: total_dl_brate= 0bps total_ul_brate= 0bps nof_prbs=106 nof_dl_slots=1000 nof_ul_slots=1000 error_indications=0 mean_latency=5usec latency_hist=[1000, 0, 0, 0, 0, 0, 0, 0, 0, 0]
2025-08-01T22:08:08.313698 [METRICS ] [I] Cell Scheduler Metrics: total_dl_brate= 0bps total_ul_brate= 0bps nof_prbs=106 nof_dl_slots=1000 nof_ul_slots=1000 error_indications=0 mean_latency=5usec latency_hist=[1000, 0, 0, 0, 0, 0, 0, 0, 0, 0]
2025-08-01T22:08:09.313763 [METRICS ] [I] Cell Scheduler Metrics: total_dl_brate= 0bps total_ul_brate= 0bps nof_prbs=106 nof_dl_slots=1000 nof_ul_slots=1000 error_indications=0 mean_latency=5usec latency_hist=[1000, 0, 0, 0, 0, 0, 0, 0, 0, 0]
2025-08-01T22:08:10.313801 [METRICS ] [I] Cell Scheduler Metrics: total_dl_brate= 0bps total_ul_brate= 0bps nof_prbs=106 nof_dl_slots=1000 nof_ul_slots=1000 error_indications=0 mean_latency=5usec latency_hist=[1000, 0, 0, 0, 0, 0, 0, 0, 0, 0]
2025-08-01T22:08:11.313763 [METRICS ] [I] Cell Scheduler Metrics: total_dl_brate= 0bps total_ul_brate= 0bps nof_prbs=106 nof_dl_slots=1000 nof_ul_slots=1000 error_indications=0 mean_latency=5usec latency_hist=[1000, 0, 0, 0, 0, 0, 0, 0, 0, 0]
2025-08-01T22:08:12.313826 [METRICS ] [I] Cell Scheduler Metrics: total_dl_brate= 0bps total_ul_brate= 0bps nof_prbs=106 nof_dl_slots=1000 nof_ul_slots=1000 error_indications=0 mean_latency=5usec latency_hist=[1000, 0, 0, 0, 0, 0, 0, 0, 0, 0]
2025-08-01T22:08:13.313736 [METRICS ] [I] Cell Scheduler Metrics: total_dl_brate= 0bps total_ul_brate= 0bps nof_prbs=106 nof_dl_slots=1000 nof_ul_slots=1000 error_indications=0 mean_latency=5usec latency_hist=[999, 0, 0, 0, 0, 1, 0, 0, 0, 0]
2025-08-01T22:08:14.313800 [METRICS ] [I] Cell Scheduler Metrics: total_dl_brate= 0bps total_ul_brate= 0bps nof_prbs=106 nof_dl_slots=1000 nof_ul_slots=1000 error_indications=0 mean_latency=5usec latency_hist=[1000, 0, 0, 0, 0, 0, 0, 0, 0, 0]
2025-08-01T22:08:15.313763 [METRICS ] [I] Cell Scheduler Metrics: total_dl_brate= 0bps total_ul_brate= 0bps nof_prbs=106 nof_dl_slots=1000 nof_ul_slots=1000 error_indications=0 mean_latency=4usec latency_hist=[1000, 0, 0, 0, 0, 0, 0, 0, 0, 0]
2025-08-01T22:08:16.313814 [METRICS ] [I] Cell Scheduler Metrics: total_dl_brate= 0bps total_ul_brate= 0bps nof_prbs=106 nof_dl_slots=1000 nof_ul_slots=1000 error_indications=0 mean_latency=5usec latency_hist=[1000, 0, 0, 0, 0, 0, 0, 0, 0, 0]
2025-08-01T22:08:17.313837 [METRICS ] [I] Cell Scheduler Metrics: total_dl_brate= 0bps total_ul_brate= 0bps nof_prbs=106 nof_dl_slots=1000 nof_ul_slots=1000 error_indications=0 mean_latency=5usec latency_hist=[1000, 0, 0, 0, 0, 0, 0, 0, 0, 0]
2025-08-01T22:08:18.115626 [RF      ] [W] Real-time failure in RF: underflow
2025-08-01T22:08:18.125646 [RF      ] [W] Real-time failure in RF: underflow
2025-08-01T22:08:18.128683 [RF      ] [W] Real-time failure in RF: late
2025-08-01T22:08:18.128729 [RF      ] [W] Real-time failure in RF: late
2025-08-01T22:08:18.135680 [RF      ] [W] Real-time failure in RF: underflow
2025-08-01T22:08:18.145627 [RF      ] [W] Real-time failure in RF: underflow
2025-08-01T22:08:18.148772 [RF      ] [W] Real-time failure in RF: late
2025-08-01T22:08:18.148782 [RF      ] [W] Real-time failure in RF: late
2025-08-01T22:08:18.155621 [RF      ] [W] Real-time failure in RF: underflow
2025-08-01T22:08:18.156663 [RF      ] [W] Real-time failure in RF: underflow
2025-08-01T22:08:18.165574 [RF      ] [W] Real-time failure in RF: underflow
2025-08-01T22:08:18.167832 [RF      ] [W] Real-time failure in RF: late
2025-08-01T22:08:18.167844 [RF      ] [W] Real-time failure in RF: late
2025-08-01T22:08:18.167937 [RF      ] [W] Real-time failure in RF: late
2025-08-01T22:08:18.167945 [RF      ] [W] Real-time failure in RF: late
2025-08-01T22:08:18.168623 [RF      ] [W] Real-time failure in RF: underflow
2025-08-01T22:08:18.175648 [RF      ] [W] Real-time failure in RF: underflow
2025-08-01T22:08:18.185629 [RF      ] [W] Real-time failure in RF: underflow
2025-08-01T22:08:18.188727 [RF      ] [W] Real-time failure in RF: late
2025-08-01T22:08:18.188782 [RF      ] [W] Real-time failure in RF: late
2025-08-01T22:08:18.195632 [RF      ] [W] Real-time failure in RF: underflow
2025-08-01T22:08:18.205620 [RF      ] [W] Real-time failure in RF: underflow
2025-08-01T22:08:18.208666 [RF      ] [W] Real-time failure in RF: late
2025-08-01T22:08:18.215630 [RF      ] [W] Real-time failure in RF: underflow
2025-08-01T22:08:18.225600 [RF      ] [W] Real-time failure in RF: underflow
2025-08-01T22:08:18.228711 [RF      ] [W] Real-time failure in RF: late
2025-08-01T22:08:18.228800 [RF      ] [W] Real-time failure in RF: late
2025-08-01T22:08:18.228829 [RF      ] [W] Real-time failure in RF: late
2025-08-01T22:08:18.235581 [RF      ] [W] Real-time failure in RF: underflow
2025-08-01T22:08:18.313788 [METRICS ] [I] Cell Scheduler Metrics: total_dl_brate= 0bps total_ul_brate= 0bps nof_prbs=106 nof_dl_slots=1000 nof_ul_slots=1000 error_indications=0 mean_latency=8usec latency_hist=[1000, 0, 0, 0, 0, 0, 0, 0, 0, 0]
2025-08-01T22:08:19.313805 [METRICS ] [I] Cell Scheduler Metrics: total_dl_brate= 0bps total_ul_brate= 0bps nof_prbs=106 nof_dl_slots=1000 nof_ul_slots=1000 error_indications=0 mean_latency=5usec latency_hist=[1000, 0, 0, 0, 0, 0, 0, 0, 0, 0]
2025-08-01T22:08:20.313762 [METRICS ] [I] Cell Scheduler Metrics: total_dl_brate= 0bps total_ul_brate= 0bps nof_prbs=106 nof_dl_slots=1000 nof_ul_slots=1000 error_indications=0 mean_latency=4usec latency_hist=[1000, 0, 0, 0, 0, 0, 0, 0, 0, 0]
2025-08-01T22:08:21.313797 [METRICS ] [I] Cell Scheduler Metrics: total_dl_brate= 0bps total_ul_brate= 0bps nof_prbs=106 nof_dl_slots=1000 nof_ul_slots=1000 error_indications=0 mean_latency=4usec latency_hist=[1000, 0, 0, 0, 0, 0, 0, 0, 0, 0]
2025-08-01T22:08:22.313895 [METRICS ] [I] Cell Scheduler Metrics: total_dl_brate= 0bps total_ul_brate= 0bps nof_prbs=106 nof_dl_slots=1000 nof_ul_slots=1000 error_indications=0 mean_latency=5usec latency_hist=[1000, 0, 0, 0, 0, 0, 0, 0, 0, 0]
2025-08-01T22:08:23.313784 [METRICS ] [I] Cell Scheduler Metrics: total_dl_brate= 0bps total_ul_brate= 0bps nof_prbs=106 nof_dl_slots=1000 nof_ul_slots=1000 error_indications=0 mean_latency=5usec latency_hist=[1000, 0, 0, 0, 0, 0, 0, 0, 0, 0]
2025-08-01T22:08:24.313827 [METRICS ] [I] Cell Scheduler Metrics: total_dl_brate= 0bps total_ul_brate= 0bps nof_prbs=106 nof_dl_slots=1000 nof_ul_slots=1000 error_indications=0 mean_latency=5usec latency_hist=[1000, 0, 0, 0, 0, 0, 0, 0, 0, 0]
2025-08-01T22:08:25.313777 [METRICS ] [I] Cell Scheduler Metrics: total_dl_brate= 0bps total_ul_brate= 0bps nof_prbs=106 nof_dl_slots=1000 nof_ul_slots=1000 error_indications=0 mean_latency=5usec latency_hist=[1000, 0, 0, 0, 0, 0, 0, 0, 0, 0]
2025-08-01T22:08:26.313838 [METRICS ] [I] Cell Scheduler Metrics: total_dl_brate= 0bps total_ul_brate= 0bps nof_prbs=106 nof_dl_slots=1000 nof_ul_slots=1000 error_indications=0 mean_latency=5usec latency_hist=[1000, 0, 0, 0, 0, 0, 0, 0, 0, 0]
2025-08-01T22:08:27.313858 [METRICS ] [I] Cell Scheduler Metrics: total_dl_brate= 0bps total_ul_brate= 0bps nof_prbs=106 nof_dl_slots=1000 nof_ul_slots=1000 error_indications=0 mean_latency=4usec latency_hist=[1000, 0, 0, 0, 0, 0, 0, 0, 0, 0]
2025-08-01T22:08:28.313871 [METRICS ] [I] Cell Scheduler Metrics: total_dl_brate= 0bps total_ul_brate= 0bps nof_prbs=106 nof_dl_slots=1000 nof_ul_slots=1000 error_indications=0 mean_latency=6usec latency_hist=[1000, 0, 0, 0, 0, 0, 0, 0, 0, 0]
2025-08-01T22:08:29.313917 [METRICS ] [I] Cell Scheduler Metrics: total_dl_brate= 0bps total_ul_brate= 0bps nof_prbs=106 nof_dl_slots=1000 nof_ul_slots=1000 error_indications=0 mean_latency=5usec latency_hist=[1000, 0, 0, 0, 0, 0, 0, 0, 0, 0]
2025-08-01T22:08:30.313838 [METRICS ] [I] Cell Scheduler Metrics: total_dl_brate= 0bps total_ul_brate= 0bps nof_prbs=106 nof_dl_slots=1000 nof_ul_slots=1000 error_indications=0 mean_latency=4usec latency_hist=[1000, 0, 0, 0, 0, 0, 0, 0, 0, 0]
2025-08-01T22:08:31.313985 [METRICS ] [I] Cell Scheduler Metrics: total_dl_brate= 0bps total_ul_brate= 0bps nof_prbs=106 nof_dl_slots=1000 nof_ul_slots=1000 error_indications=0 mean_latency=5usec latency_hist=[1000, 0, 0, 0, 0, 0, 0, 0, 0, 0]
2025-08-01T22:08:32.313828 [METRICS ] [I] Cell Scheduler Metrics: total_dl_brate= 0bps total_ul_brate= 0bps nof_prbs=106 nof_dl_slots=1000 nof_ul_slots=1000 error_indications=0 mean_latency=5usec latency_hist=[1000, 0, 0, 0, 0, 0, 0, 0, 0, 0]
2025-08-01T22:08:33.313892 [METRICS ] [I] Cell Scheduler Metrics: total_dl_brate= 0bps total_ul_brate= 0bps nof_prbs=106 nof_dl_slots=1000 nof_ul_slots=1000 error_indications=0 mean_latency=5usec latency_hist=[999, 1, 0, 0, 0, 0, 0, 0, 0, 0]
2025-08-01T22:08:34.313968 [METRICS ] [I] Cell Scheduler Metrics: total_dl_brate= 0bps total_ul_brate= 0bps nof_prbs=106 nof_dl_slots=1000 nof_ul_slots=1000 error_indications=0 mean_latency=5usec latency_hist=[1000, 0, 0, 0, 0, 0, 0, 0, 0, 0]
2025-08-01T22:08:35.313834 [METRICS ] [I] Cell Scheduler Metrics: total_dl_brate= 0bps total_ul_brate= 0bps nof_prbs=106 nof_dl_slots=1000 nof_ul_slots=1000 error_indications=0 mean_latency=5usec latency_hist=[1000, 0, 0, 0, 0, 0, 0, 0, 0, 0]
2025-08-01T22:08:36.313893 [METRICS ] [I] Cell Scheduler Metrics: total_dl_brate= 0bps total_ul_brate= 0bps nof_prbs=106 nof_dl_slots=1000 nof_ul_slots=1000 error_indications=0 mean_latency=5usec latency_hist=[1000, 0, 0, 0, 0, 0, 0, 0, 0, 0]
2025-08-01T22:08:37.313812 [METRICS ] [I] Cell Scheduler Metrics: total_dl_brate= 0bps total_ul_brate= 0bps nof_prbs=106 nof_dl_slots=1000 nof_ul_slots=1000 error_indications=0 mean_latency=4usec latency_hist=[1000, 0, 0, 0, 0, 0, 0, 0, 0, 0]
2025-08-01T22:08:38.313901 [METRICS ] [I] Cell Scheduler Metrics: total_dl_brate= 0bps total_ul_brate= 0bps nof_prbs=106 nof_dl_slots=1000 nof_ul_slots=1000 error_indications=0 mean_latency=6usec latency_hist=[1000, 0, 0, 0, 0, 0, 0, 0, 0, 0]
2025-08-01T22:08:39.313937 [METRICS ] [I] Cell Scheduler Metrics: total_dl_brate= 0bps total_ul_brate= 0bps nof_prbs=106 nof_dl_slots=1000 nof_ul_slots=1000 error_indications=0 mean_latency=5usec latency_hist=[1000, 0, 0, 0, 0, 0, 0, 0, 0, 0]
2025-08-01T22:08:40.313847 [METRICS ] [I] Cell Scheduler Metrics: total_dl_brate= 0bps total_ul_brate= 0bps nof_prbs=106 nof_dl_slots=1000 nof_ul_slots=1000 error_indications=0 mean_latency=4usec latency_hist=[1000, 0, 0, 0, 0, 0, 0, 0, 0, 0]
2025-08-01T22:08:41.313959 [METRICS ] [I] Cell Scheduler Metrics: total_dl_brate= 0bps total_ul_brate= 0bps nof_prbs=106 nof_dl_slots=1000 nof_ul_slots=1000 error_indications=0 mean_latency=5usec latency_hist=[1000, 0, 0, 0, 0, 0, 0, 0, 0, 0]
2025-08-01T22:08:42.313839 [METRICS ] [I] Cell Scheduler Metrics: total_dl_brate= 0bps total_ul_brate= 0bps nof_prbs=106 nof_dl_slots=1000 nof_ul_slots=1000 error_indications=0 mean_latency=5usec latency_hist=[1000, 0, 0, 0, 0, 0, 0, 0, 0, 0]
2025-08-01T22:08:43.313915 [METRICS ] [I] Cell Scheduler Metrics: total_dl_brate= 0bps total_ul_brate= 0bps nof_prbs=106 nof_dl_slots=1000 nof_ul_slots=1000 error_indications=0 mean_latency=5usec latency_hist=[1000, 0, 0, 0, 0, 0, 0, 0, 0, 0]
2025-08-01T22:08:44.313979 [METRICS ] [I] Cell Scheduler Metrics: total_dl_brate= 0bps total_ul_brate= 0bps nof_prbs=106 nof_dl_slots=1000 nof_ul_slots=1000 error_indications=0 mean_latency=5usec latency_hist=[1000, 0, 0, 0, 0, 0, 0, 0, 0, 0]
2025-08-01T22:08:45.313894 [METRICS ] [I] Cell Scheduler Metrics: total_dl_brate= 0bps total_ul_brate= 0bps nof_prbs=106 nof_dl_slots=1000 nof_ul_slots=1000 error_indications=0 mean_latency=5usec latency_hist=[1000, 0, 0, 0, 0, 0, 0, 0, 0, 0]
2025-08-01T22:08:46.313936 [METRICS ] [I] Cell Scheduler Metrics: total_dl_brate= 0bps total_ul_brate= 0bps nof_prbs=106 nof_dl_slots=1000 nof_ul_slots=1000 error_indications=0 mean_latency=5usec latency_hist=[1000, 0, 0, 0, 0, 0, 0, 0, 0, 0]
2025-08-01T22:08:47.313913 [METRICS ] [I] Cell Scheduler Metrics: total_dl_brate= 0bps total_ul_brate= 0bps nof_prbs=106 nof_dl_slots=1000 nof_ul_slots=1000 error_indications=0 mean_latency=4usec latency_hist=[1000, 0, 0, 0, 0, 0, 0, 0, 0, 0]
2025-08-01T22:08:48.313958 [METRICS ] [I] Cell Scheduler Metrics: total_dl_brate= 0bps total_ul_brate= 0bps nof_prbs=106 nof_dl_slots=1000 nof_ul_slots=1000 error_indications=0 mean_latency=6usec latency_hist=[1000, 0, 0, 0, 0, 0, 0, 0, 0, 0]
2025-08-01T22:08:49.313853 [METRICS ] [I] Cell Scheduler Metrics: total_dl_brate= 0bps total_ul_brate= 0bps nof_prbs=106 nof_dl_slots=1000 nof_ul_slots=1000 error_indications=0 mean_latency=5usec latency_hist=[1000, 0, 0, 0, 0, 0, 0, 0, 0, 0]
2025-08-01T22:08:50.313920 [METRICS ] [I] Cell Scheduler Metrics: total_dl_brate= 0bps total_ul_brate= 0bps nof_prbs=106 nof_dl_slots=1000 nof_ul_slots=1000 error_indications=0 mean_latency=5usec latency_hist=[1000, 0, 0, 0, 0, 0, 0, 0, 0, 0]
2025-08-01T22:08:51.313972 [METRICS ] [I] Cell Scheduler Metrics: total_dl_brate= 0bps total_ul_brate= 0bps nof_prbs=106 nof_dl_slots=1000 nof_ul_slots=1000 error_indications=0 mean_latency=5usec latency_hist=[1000, 0, 0, 0, 0, 0, 0, 0, 0, 0]
2025-08-01T22:08:52.313950 [METRICS ] [I] Cell Scheduler Metrics: total_dl_brate= 0bps total_ul_brate= 0bps nof_prbs=106 nof_dl_slots=1000 nof_ul_slots=1000 error_indications=0 mean_latency=6usec latency_hist=[1000, 0, 0, 0, 0, 0, 0, 0, 0, 0]
2025-08-01T22:08:53.314017 [METRICS ] [I] Cell Scheduler Metrics: total_dl_brate= 0bps total_ul_brate= 0bps nof_prbs=106 nof_dl_slots=1000 nof_ul_slots=1000 error_indications=0 mean_latency=5usec latency_hist=[1000, 0, 0, 0, 0, 0, 0, 0, 0, 0]
2025-08-01T22:08:54.313889 [METRICS ] [I] Cell Scheduler Metrics: total_dl_brate= 0bps total_ul_brate= 0bps nof_prbs=106 nof_dl_slots=1000 nof_ul_slots=1000 error_indications=0 mean_latency=5usec latency_hist=[1000, 0, 0, 0, 0, 0, 0, 0, 0, 0]
2025-08-01T22:08:55.313974 [METRICS ] [I] Cell Scheduler Metrics: total_dl_brate= 0bps total_ul_brate= 0bps nof_prbs=106 nof_dl_slots=1000 nof_ul_slots=1000 error_indications=0 mean_latency=5usec latency_hist=[1000, 0, 0, 0, 0, 0, 0, 0, 0, 0]
2025-08-01T22:08:56.313987 [METRICS ] [I] Cell Scheduler Metrics: total_dl_brate= 0bps total_ul_brate= 0bps nof_prbs=106 nof_dl_slots=1000 nof_ul_slots=1000 error_indications=0 mean_latency=5usec latency_hist=[1000, 0, 0, 0, 0, 0, 0, 0, 0, 0]
2025-08-01T22:08:57.313935 [METRICS ] [I] Cell Scheduler Metrics: total_dl_brate= 0bps total_ul_brate= 0bps nof_prbs=106 nof_dl_slots=1000 nof_ul_slots=1000 error_indications=0 mean_latency=5usec latency_hist=[999, 0, 0, 1, 0, 0, 0, 0, 0, 0]
2025-08-01T22:08:58.313989 [METRICS ] [I] Cell Scheduler Metrics: total_dl_brate= 0bps total_ul_brate= 0bps nof_prbs=106 nof_dl_slots=1000 nof_ul_slots=1000 error_indications=0 mean_latency=5usec latency_hist=[1000, 0, 0, 0, 0, 0, 0, 0, 0, 0]
2025-08-01T22:08:59.313919 [METRICS ] [I] Cell Scheduler Metrics: total_dl_brate= 0bps total_ul_brate= 0bps nof_prbs=106 nof_dl_slots=1000 nof_ul_slots=1000 error_indications=0 mean_latency=5usec latency_hist=[1000, 0, 0, 0, 0, 0, 0, 0, 0, 0]
2025-08-01T22:09:00.313996 [METRICS ] [I] Cell Scheduler Metrics: total_dl_brate= 0bps total_ul_brate= 0bps nof_prbs=106 nof_dl_slots=1000 nof_ul_slots=1000 error_indications=0 mean_latency=4usec latency_hist=[1000, 0, 0, 0, 0, 0, 0, 0, 0, 0]
2025-08-01T22:09:01.314059 [METRICS ] [I] Cell Scheduler Metrics: total_dl_brate= 0bps total_ul_brate= 0bps nof_prbs=106 nof_dl_slots=1000 nof_ul_slots=1000 error_indications=0 mean_latency=5usec latency_hist=[1000, 0, 0, 0, 0, 0, 0, 0, 0, 0]
2025-08-01T22:09:02.313980 [METRICS ] [I] Cell Scheduler Metrics: total_dl_brate= 0bps total_ul_brate= 0bps nof_prbs=106 nof_dl_slots=1000 nof_ul_slots=1000 error_indications=0 mean_latency=4usec latency_hist=[1000, 0, 0, 0, 0, 0, 0, 0, 0, 0]
2025-08-01T22:09:03.314001 [METRICS ] [I] Cell Scheduler Metrics: total_dl_brate= 0bps total_ul_brate= 0bps nof_prbs=106 nof_dl_slots=1000 nof_ul_slots=1000 error_indications=0 mean_latency=5usec latency_hist=[1000, 0, 0, 0, 0, 0, 0, 0, 0, 0]
2025-08-01T22:09:04.313985 [METRICS ] [I] Cell Scheduler Metrics: total_dl_brate= 0bps total_ul_brate= 0bps nof_prbs=106 nof_dl_slots=1000 nof_ul_slots=1000 error_indications=0 mean_latency=5usec latency_hist=[1000, 0, 0, 0, 0, 0, 0, 0, 0, 0]
2025-08-01T22:09:05.314017 [METRICS ] [I] Cell Scheduler Metrics: total_dl_brate= 0bps total_ul_brate= 0bps nof_prbs=106 nof_dl_slots=1000 nof_ul_slots=1000 error_indications=0 mean_latency=5usec latency_hist=[1000, 0, 0, 0, 0, 0, 0, 0, 0, 0]
2025-08-01T22:09:06.313932 [METRICS ] [I] Cell Scheduler Metrics: total_dl_brate= 0bps total_ul_brate= 0bps nof_prbs=106 nof_dl_slots=1000 nof_ul_slots=1000 error_indications=0 mean_latency=5usec latency_hist=[1000, 0, 0, 0, 0, 0, 0, 0, 0, 0]
2025-08-01T22:09:07.314005 [METRICS ] [I] Cell Scheduler Metrics: total_dl_brate= 0bps total_ul_brate= 0bps nof_prbs=106 nof_dl_slots=1000 nof_ul_slots=1000 error_indications=0 mean_latency=5usec latency_hist=[1000, 0, 0, 0, 0, 0, 0, 0, 0, 0]
2025-08-01T22:09:08.314067 [METRICS ] [I] Cell Scheduler Metrics: total_dl_brate= 0bps total_ul_brate= 0bps nof_prbs=106 nof_dl_slots=1000 nof_ul_slots=1000 error_indications=0 mean_latency=5usec latency_hist=[1000, 0, 0, 0, 0, 0, 0, 0, 0, 0]
2025-08-01T22:09:09.314014 [METRICS ] [I] Cell Scheduler Metrics: total_dl_brate= 0bps total_ul_brate= 0bps nof_prbs=106 nof_dl_slots=1000 nof_ul_slots=1000 error_indications=0 mean_latency=5usec latency_hist=[1000, 0, 0, 0, 0, 0, 0, 0, 0, 0]
2025-08-01T22:09:10.314065 [METRICS ] [I] Cell Scheduler Metrics: total_dl_brate= 0bps total_ul_brate= 0bps nof_prbs=106 nof_dl_slots=1000 nof_ul_slots=1000 error_indications=0 mean_latency=4usec latency_hist=[1000, 0, 0, 0, 0, 0, 0, 0, 0, 0]
2025-08-01T22:09:11.313995 [METRICS ] [I] Cell Scheduler Metrics: total_dl_brate= 0bps total_ul_brate= 0bps nof_prbs=106 nof_dl_slots=1000 nof_ul_slots=1000 error_indications=0 mean_latency=4usec latency_hist=[1000, 0, 0, 0, 0, 0, 0, 0, 0, 0]
2025-08-01T22:09:12.314064 [METRICS ] [I] Cell Scheduler Metrics: total_dl_brate= 0bps total_ul_brate= 0bps nof_prbs=106 nof_dl_slots=1000 nof_ul_slots=1000 error_indications=0 mean_latency=4usec latency_hist=[1000, 0, 0, 0, 0, 0, 0, 0, 0, 0]
2025-08-01T22:09:13.314137 [METRICS ] [I] Cell Scheduler Metrics: total_dl_brate= 0bps total_ul_brate= 0bps nof_prbs=106 nof_dl_slots=1000 nof_ul_slots=1000 error_indications=0 mean_latency=5usec latency_hist=[1000, 0, 0, 0, 0, 0, 0, 0, 0, 0]
2025-08-01T22:09:14.313994 [METRICS ] [I] Cell Scheduler Metrics: total_dl_brate= 0bps total_ul_brate= 0bps nof_prbs=106 nof_dl_slots=1000 nof_ul_slots=1000 error_indications=0 mean_latency=5usec latency_hist=[1000, 0, 0, 0, 0, 0, 0, 0, 0, 0]
2025-08-01T22:09:15.314065 [METRICS ] [I] Cell Scheduler Metrics: total_dl_brate= 0bps total_ul_brate= 0bps nof_prbs=106 nof_dl_slots=1000 nof_ul_slots=1000 error_indications=0 mean_latency=5usec latency_hist=[1000, 0, 0, 0, 0, 0, 0, 0, 0, 0]
2025-08-01T22:09:16.314041 [METRICS ] [I] Cell Scheduler Metrics: total_dl_brate= 0bps total_ul_brate= 0bps nof_prbs=106 nof_dl_slots=1000 nof_ul_slots=1000 error_indications=0 mean_latency=5usec latency_hist=[1000, 0, 0, 0, 0, 0, 0, 0, 0, 0]
2025-08-01T22:09:17.314063 [METRICS ] [I] Cell Scheduler Metrics: total_dl_brate= 0bps total_ul_brate= 0bps nof_prbs=106 nof_dl_slots=1000 nof_ul_slots=1000 error_indications=0 mean_latency=5usec latency_hist=[1000, 0, 0, 0, 0, 0, 0, 0, 0, 0]
2025-08-01T22:09:18.314150 [METRICS ] [I] Cell Scheduler Metrics: total_dl_brate= 0bps total_ul_brate= 0bps nof_prbs=106 nof_dl_slots=1000 nof_ul_slots=1000 error_indications=0 mean_latency=5usec latency_hist=[1000, 0, 0, 0, 0, 0, 0, 0, 0, 0]
2025-08-01T22:09:19.314067 [METRICS ] [I] Cell Scheduler Metrics: total_dl_brate= 0bps total_ul_brate= 0bps nof_prbs=106 nof_dl_slots=1000 nof_ul_slots=1000 error_indications=0 mean_latency=5usec latency_hist=[1000, 0, 0, 0, 0, 0, 0, 0, 0, 0]
2025-08-01T22:09:20.314100 [METRICS ] [I] Cell Scheduler Metrics: total_dl_brate= 0bps total_ul_brate= 0bps nof_prbs=106 nof_dl_slots=1000 nof_ul_slots=1000 error_indications=0 mean_latency=5usec latency_hist=[1000, 0, 0, 0, 0, 0, 0, 0, 0, 0]
2025-08-01T22:09:21.314004 [METRICS ] [I] Cell Scheduler Metrics: total_dl_brate= 0bps total_ul_brate= 0bps nof_prbs=106 nof_dl_slots=1000 nof_ul_slots=1000 error_indications=0 mean_latency=5usec latency_hist=[1000, 0, 0, 0, 0, 0, 0, 0, 0, 0]
2025-08-01T22:09:22.314067 [METRICS ] [I] Cell Scheduler Metrics: total_dl_brate= 0bps total_ul_brate= 0bps nof_prbs=106 nof_dl_slots=1000 nof_ul_slots=1000 error_indications=0 mean_latency=5usec latency_hist=[1000, 0, 0, 0, 0, 0, 0, 0, 0, 0]
2025-08-01T22:09:23.314039 [METRICS ] [I] Cell Scheduler Metrics: total_dl_brate= 0bps total_ul_brate= 0bps nof_prbs=106 nof_dl_slots=1000 nof_ul_slots=1000 error_indications=0 mean_latency=5usec latency_hist=[1000, 0, 0, 0, 0, 0, 0, 0, 0, 0]
2025-08-01T22:09:24.314062 [METRICS ] [I] Cell Scheduler Metrics: total_dl_brate= 0bps total_ul_brate= 0bps nof_prbs=106 nof_dl_slots=1000 nof_ul_slots=1000 error_indications=0 mean_latency=5usec latency_hist=[1000, 0, 0, 0, 0, 0, 0, 0, 0, 0]
2025-08-01T22:09:25.314141 [METRICS ] [I] Cell Scheduler Metrics: total_dl_brate= 0bps total_ul_brate= 0bps nof_prbs=106 nof_dl_slots=1000 nof_ul_slots=1000 error_indications=0 mean_latency=5usec latency_hist=[1000, 0, 0, 0, 0, 0, 0, 0, 0, 0]
2025-08-01T22:09:26.314178 [METRICS ] [I] Cell Scheduler Metrics: total_dl_brate= 0bps total_ul_brate= 0bps nof_prbs=106 nof_dl_slots=1000 nof_ul_slots=1000 error_indications=0 mean_latency=5usec latency_hist=[1000, 0, 0, 0, 0, 0, 0, 0, 0, 0]
2025-08-01T22:09:27.314141 [METRICS ] [I] Cell Scheduler Metrics: total_dl_brate= 0bps total_ul_brate= 0bps nof_prbs=106 nof_dl_slots=1000 nof_ul_slots=1000 error_indications=0 mean_latency=5usec latency_hist=[1000, 0, 0, 0, 0, 0, 0, 0, 0, 0]
2025-08-01T22:09:28.314073 [METRICS ] [I] Cell Scheduler Metrics: total_dl_brate= 0bps total_ul_brate= 0bps nof_prbs=106 nof_dl_slots=1000 nof_ul_slots=1000 error_indications=0 mean_latency=6usec latency_hist=[1000, 0, 0, 0, 0, 0, 0, 0, 0, 0]
2025-08-01T22:09:29.314076 [METRICS ] [I] Cell Scheduler Metrics: total_dl_brate= 0bps total_ul_brate= 0bps nof_prbs=106 nof_dl_slots=1000 nof_ul_slots=1000 error_indications=0 mean_latency=5usec latency_hist=[1000, 0, 0, 0, 0, 0, 0, 0, 0, 0]
2025-08-01T22:09:30.314130 [METRICS ] [I] Cell Scheduler Metrics: total_dl_brate= 0bps total_ul_brate= 0bps nof_prbs=106 nof_dl_slots=1000 nof_ul_slots=1000 error_indications=0 mean_latency=5usec latency_hist=[1000, 0, 0, 0, 0, 0, 0, 0, 0, 0]
2025-08-01T22:09:31.314073 [METRICS ] [I] Cell Scheduler Metrics: total_dl_brate= 0bps total_ul_brate= 0bps nof_prbs=106 nof_dl_slots=1000 nof_ul_slots=1000 error_indications=0 mean_latency=5usec latency_hist=[1000, 0, 0, 0, 0, 0, 0, 0, 0, 0]
2025-08-01T22:09:32.314119 [METRICS ] [I] Cell Scheduler Metrics: total_dl_brate= 0bps total_ul_brate= 0bps nof_prbs=106 nof_dl_slots=1000 nof_ul_slots=1000 error_indications=0 mean_latency=5usec latency_hist=[1000, 0, 0, 0, 0, 0, 0, 0, 0, 0]
2025-08-01T22:09:33.314082 [METRICS ] [I] Cell Scheduler Metrics: total_dl_brate= 0bps total_ul_brate= 0bps nof_prbs=106 nof_dl_slots=1000 nof_ul_slots=1000 error_indications=0 mean_latency=5usec latency_hist=[1000, 0, 0, 0, 0, 0, 0, 0, 0, 0]
2025-08-01T22:09:34.314160 [METRICS ] [I] Cell Scheduler Metrics: total_dl_brate= 0bps total_ul_brate= 0bps nof_prbs=106 nof_dl_slots=1000 nof_ul_slots=1000 error_indications=0 mean_latency=5usec latency_hist=[1000, 0, 0, 0, 0, 0, 0, 0, 0, 0]
2025-08-01T22:09:35.314209 [METRICS ] [I] Cell Scheduler Metrics: total_dl_brate= 0bps total_ul_brate= 0bps nof_prbs=106 nof_dl_slots=1000 nof_ul_slots=1000 error_indications=0 mean_latency=5usec latency_hist=[1000, 0, 0, 0, 0, 0, 0, 0, 0, 0]
2025-08-01T22:09:36.314139 [METRICS ] [I] Cell Scheduler Metrics: total_dl_brate= 0bps total_ul_brate= 0bps nof_prbs=106 nof_dl_slots=1000 nof_ul_slots=1000 error_indications=0 mean_latency=5usec latency_hist=[1000, 0, 0, 0, 0, 0, 0, 0, 0, 0]
2025-08-01T22:09:37.314151 [METRICS ] [I] Cell Scheduler Metrics: total_dl_brate= 0bps total_ul_brate= 0bps nof_prbs=106 nof_dl_slots=1000 nof_ul_slots=1000 error_indications=0 mean_latency=5usec latency_hist=[1000, 0, 0, 0, 0, 0, 0, 0, 0, 0]
2025-08-01T22:09:38.314172 [METRICS ] [I] Cell Scheduler Metrics: total_dl_brate= 0bps total_ul_brate= 0bps nof_prbs=106 nof_dl_slots=1000 nof_ul_slots=1000 error_indications=0 mean_latency=6usec latency_hist=[1000, 0, 0, 0, 0, 0, 0, 0, 0, 0]
2025-08-01T22:09:39.314153 [METRICS ] [I] Cell Scheduler Metrics: total_dl_brate= 0bps total_ul_brate= 0bps nof_prbs=106 nof_dl_slots=1000 nof_ul_slots=1000 error_indications=0 mean_latency=5usec latency_hist=[1000, 0, 0, 0, 0, 0, 0, 0, 0, 0]
2025-08-01T22:09:40.314069 [METRICS ] [I] Cell Scheduler Metrics: total_dl_brate= 0bps total_ul_brate= 0bps nof_prbs=106 nof_dl_slots=1000 nof_ul_slots=1000 error_indications=0 mean_latency=5usec latency_hist=[1000, 0, 0, 0, 0, 0, 0, 0, 0, 0]
2025-08-01T22:09:41.314130 [METRICS ] [I] Cell Scheduler Metrics: total_dl_brate= 0bps total_ul_brate= 0bps nof_prbs=106 nof_dl_slots=1000 nof_ul_slots=1000 error_indications=0 mean_latency=5usec latency_hist=[1000, 0, 0, 0, 0, 0, 0, 0, 0, 0]
2025-08-01T22:09:42.314224 [METRICS ] [I] Cell Scheduler Metrics: total_dl_brate= 0bps total_ul_brate= 0bps nof_prbs=106 nof_dl_slots=1000 nof_ul_slots=1000 error_indications=0 mean_latency=5usec latency_hist=[1000, 0, 0, 0, 0, 0, 0, 0, 0, 0]
2025-08-01T22:09:43.314131 [METRICS ] [I] Cell Scheduler Metrics: total_dl_brate= 0bps total_ul_brate= 0bps nof_prbs=106 nof_dl_slots=1000 nof_ul_slots=1000 error_indications=0 mean_latency=5usec latency_hist=[1000, 0, 0, 0, 0, 0, 0, 0, 0, 0]
2025-08-01T22:09:44.314208 [METRICS ] [I] Cell Scheduler Metrics: total_dl_brate= 0bps total_ul_brate= 0bps nof_prbs=106 nof_dl_slots=1000 nof_ul_slots=1000 error_indications=0 mean_latency=5usec latency_hist=[1000, 0, 0, 0, 0, 0, 0, 0, 0, 0]
2025-08-01T22:09:45.314139 [METRICS ] [I] Cell Scheduler Metrics: total_dl_brate= 0bps total_ul_brate= 0bps nof_prbs=106 nof_dl_slots=1000 nof_ul_slots=1000 error_indications=0 mean_latency=5usec latency_hist=[1000, 0, 0, 0, 0, 0, 0, 0, 0, 0]
2025-08-01T22:09:46.314202 [METRICS ] [I] Cell Scheduler Metrics: total_dl_brate= 0bps total_ul_brate= 0bps nof_prbs=106 nof_dl_slots=1000 nof_ul_slots=1000 error_indications=0 mean_latency=5usec latency_hist=[1000, 0, 0, 0, 0, 0, 0, 0, 0, 0]
2025-08-01T22:09:47.314220 [METRICS ] [I] Cell Scheduler Metrics: total_dl_brate= 0bps total_ul_brate= 0bps nof_prbs=106 nof_dl_slots=1000 nof_ul_slots=1000 error_indications=0 mean_latency=4usec latency_hist=[1000, 0, 0, 0, 0, 0, 0, 0, 0, 0]
2025-08-01T22:09:48.314157 [METRICS ] [I] Cell Scheduler Metrics: total_dl_brate= 0bps total_ul_brate= 0bps nof_prbs=106 nof_dl_slots=1000 nof_ul_slots=1000 error_indications=0 mean_latency=5usec latency_hist=[1000, 0, 0, 0, 0, 0, 0, 0, 0, 0]
2025-08-01T22:09:49.314200 [METRICS ] [I] Cell Scheduler Metrics: total_dl_brate= 0bps total_ul_brate= 0bps nof_prbs=106 nof_dl_slots=1000 nof_ul_slots=1000 error_indications=0 mean_latency=5usec latency_hist=[1000, 0, 0, 0, 0, 0, 0, 0, 0, 0]
2025-08-01T22:09:50.314156 [METRICS ] [I] Cell Scheduler Metrics: total_dl_brate= 0bps total_ul_brate= 0bps nof_prbs=106 nof_dl_slots=1000 nof_ul_slots=1000 error_indications=0 mean_latency=4usec latency_hist=[1000, 0, 0, 0, 0, 0, 0, 0, 0, 0]
2025-08-01T22:09:51.314278 [METRICS ] [I] Cell Scheduler Metrics: total_dl_brate= 0bps total_ul_brate= 0bps nof_prbs=106 nof_dl_slots=1000 nof_ul_slots=1000 error_indications=0 mean_latency=4usec latency_hist=[1000, 0, 0, 0, 0, 0, 0, 0, 0, 0]
2025-08-01T22:09:52.314285 [METRICS ] [I] Cell Scheduler Metrics: total_dl_brate= 0bps total_ul_brate= 0bps nof_prbs=106 nof_dl_slots=1000 nof_ul_slots=1000 error_indications=0 mean_latency=5usec latency_hist=[1000, 0, 0, 0, 0, 0, 0, 0, 0, 0]
2025-08-01T22:09:53.314174 [METRICS ] [I] Cell Scheduler Metrics: total_dl_brate= 0bps total_ul_brate= 0bps nof_prbs=106 nof_dl_slots=1000 nof_ul_slots=1000 error_indications=0 mean_latency=5usec latency_hist=[1000, 0, 0, 0, 0, 0, 0, 0, 0, 0]
2025-08-01T22:09:54.314225 [METRICS ] [I] Cell Scheduler Metrics: total_dl_brate= 0bps total_ul_brate= 0bps nof_prbs=106 nof_dl_slots=1000 nof_ul_slots=1000 error_indications=0 mean_latency=5usec latency_hist=[1000, 0, 0, 0, 0, 0, 0, 0, 0, 0]
2025-08-01T22:09:55.314257 [METRICS ] [I] Cell Scheduler Metrics: total_dl_brate= 0bps total_ul_brate= 0bps nof_prbs=106 nof_dl_slots=1000 nof_ul_slots=1000 error_indications=0 mean_latency=5usec latency_hist=[1000, 0, 0, 0, 0, 0, 0, 0, 0, 0]
2025-08-01T22:09:56.314214 [METRICS ] [I] Cell Scheduler Metrics: total_dl_brate= 0bps total_ul_brate= 0bps nof_prbs=106 nof_dl_slots=1000 nof_ul_slots=1000 error_indications=0 mean_latency=5usec latency_hist=[1000, 0, 0, 0, 0, 0, 0, 0, 0, 0]
2025-08-01T22:09:57.314182 [METRICS ] [I] Cell Scheduler Metrics: total_dl_brate= 0bps total_ul_brate= 0bps nof_prbs=106 nof_dl_slots=1000 nof_ul_slots=1000 error_indications=0 mean_latency=5usec latency_hist=[1000, 0, 0, 0, 0, 0, 0, 0, 0, 0]
2025-08-01T22:09:58.314219 [METRICS ] [I] Cell Scheduler Metrics: total_dl_brate= 0bps total_ul_brate= 0bps nof_prbs=106 nof_dl_slots=1000 nof_ul_slots=1000 error_indications=0 mean_latency=5usec latency_hist=[1000, 0, 0, 0, 0, 0, 0, 0, 0, 0]
2025-08-01T22:09:59.314261 [METRICS ] [I] Cell Scheduler Metrics: total_dl_brate= 0bps total_ul_brate= 0bps nof_prbs=106 nof_dl_slots=1000 nof_ul_slots=1000 error_indications=0 mean_latency=5usec latency_hist=[1000, 0, 0, 0, 0, 0, 0, 0, 0, 0]
2025-08-01T22:10:00.004038 [RF      ] [W] Real-time failure in RF: underflow
2025-08-01T22:10:00.314217 [METRICS ] [I] Cell Scheduler Metrics: total_dl_brate= 0bps total_ul_brate= 0bps nof_prbs=106 nof_dl_slots=1000 nof_ul_slots=1000 error_indications=0 mean_latency=5usec latency_hist=[1000, 0, 0, 0, 0, 0, 0, 0, 0, 0]
2025-08-01T22:10:00.329091 [RF      ] [W] Real-time failure in RF: underflow
2025-08-01T22:10:01.314296 [METRICS ] [I] Cell Scheduler Metrics: total_dl_brate= 0bps total_ul_brate= 0bps nof_prbs=106 nof_dl_slots=1000 nof_ul_slots=1000 error_indications=0 mean_latency=5usec latency_hist=[1000, 0, 0, 0, 0, 0, 0, 0, 0, 0]
2025-08-01T22:10:02.314282 [METRICS ] [I] Cell Scheduler Metrics: total_dl_brate= 0bps total_ul_brate= 0bps nof_prbs=106 nof_dl_slots=1000 nof_ul_slots=1000 error_indications=0 mean_latency=4usec latency_hist=[1000, 0, 0, 0, 0, 0, 0, 0, 0, 0]
2025-08-01T22:10:03.314218 [METRICS ] [I] Cell Scheduler Metrics: total_dl_brate= 0bps total_ul_brate= 0bps nof_prbs=106 nof_dl_slots=1000 nof_ul_slots=1000 error_indications=0 mean_latency=5usec latency_hist=[1000, 0, 0, 0, 0, 0, 0, 0, 0, 0]
2025-08-01T22:10:04.314389 [METRICS ] [I] Cell Scheduler Metrics: total_dl_brate= 0bps total_ul_brate= 0bps nof_prbs=106 nof_dl_slots=1000 nof_ul_slots=1000 error_indications=0 mean_latency=5usec latency_hist=[1000, 0, 0, 0, 0, 0, 0, 0, 0, 0]
2025-08-01T22:10:05.314225 [METRICS ] [I] Cell Scheduler Metrics: total_dl_brate= 0bps total_ul_brate= 0bps nof_prbs=106 nof_dl_slots=1000 nof_ul_slots=1000 error_indications=0 mean_latency=5usec latency_hist=[1000, 0, 0, 0, 0, 0, 0, 0, 0, 0]
2025-08-01T22:10:06.314334 [METRICS ] [I] Cell Scheduler Metrics: total_dl_brate= 0bps total_ul_brate= 0bps nof_prbs=106 nof_dl_slots=1000 nof_ul_slots=1000 error_indications=0 mean_latency=5usec latency_hist=[999, 1, 0, 0, 0, 0, 0, 0, 0, 0]
2025-08-01T22:10:07.314234 [METRICS ] [I] Cell Scheduler Metrics: total_dl_brate= 0bps total_ul_brate= 0bps nof_prbs=106 nof_dl_slots=1000 nof_ul_slots=1000 error_indications=0 mean_latency=4usec latency_hist=[1000, 0, 0, 0, 0, 0, 0, 0, 0, 0]
2025-08-01T22:10:08.314287 [METRICS ] [I] Cell Scheduler Metrics: total_dl_brate= 0bps total_ul_brate= 0bps nof_prbs=106 nof_dl_slots=1000 nof_ul_slots=1000 error_indications=0 mean_latency=5usec latency_hist=[1000, 0, 0, 0, 0, 0, 0, 0, 0, 0]
2025-08-01T22:10:09.314297 [METRICS ] [I] Cell Scheduler Metrics: total_dl_brate= 0bps total_ul_brate= 0bps nof_prbs=106 nof_dl_slots=1000 nof_ul_slots=1000 error_indications=0 mean_latency=5usec latency_hist=[1000, 0, 0, 0, 0, 0, 0, 0, 0, 0]
2025-08-01T22:10:10.314265 [METRICS ] [I] Cell Scheduler Metrics: total_dl_brate= 0bps total_ul_brate= 0bps nof_prbs=106 nof_dl_slots=1000 nof_ul_slots=1000 error_indications=0 mean_latency=5usec latency_hist=[1000, 0, 0, 0, 0, 0, 0, 0, 0, 0]
2025-08-01T22:10:11.314292 [METRICS ] [I] Cell Scheduler Metrics: total_dl_brate= 0bps total_ul_brate= 0bps nof_prbs=106 nof_dl_slots=1000 nof_ul_slots=1000 error_indications=0 mean_latency=5usec latency_hist=[1000, 0, 0, 0, 0, 0, 0, 0, 0, 0]
2025-08-01T22:10:12.314241 [METRICS ] [I] Cell Scheduler Metrics: total_dl_brate= 0bps total_ul_brate= 0bps nof_prbs=106 nof_dl_slots=1000 nof_ul_slots=1000 error_indications=0 mean_latency=5usec latency_hist=[1000, 0, 0, 0, 0, 0, 0, 0, 0, 0]
2025-08-01T22:10:13.314300 [METRICS ] [I] Cell Scheduler Metrics: total_dl_brate= 0bps total_ul_brate= 0bps nof_prbs=106 nof_dl_slots=1000 nof_ul_slots=1000 error_indications=0 mean_latency=5usec latency_hist=[1000, 0, 0, 0, 0, 0, 0, 0, 0, 0]
2025-08-01T22:10:14.314315 [METRICS ] [I] Cell Scheduler Metrics: total_dl_brate= 0bps total_ul_brate= 0bps nof_prbs=106 nof_dl_slots=1000 nof_ul_slots=1000 error_indications=0 mean_latency=5usec latency_hist=[1000, 0, 0, 0, 0, 0, 0, 0, 0, 0]
2025-08-01T22:10:15.314313 [METRICS ] [I] Cell Scheduler Metrics: total_dl_brate= 0bps total_ul_brate= 0bps nof_prbs=106 nof_dl_slots=1000 nof_ul_slots=1000 error_indications=0 mean_latency=5usec latency_hist=[1000, 0, 0, 0, 0, 0, 0, 0, 0, 0]
2025-08-01T22:10:16.314402 [METRICS ] [I] Cell Scheduler Metrics: total_dl_brate= 0bps total_ul_brate= 0bps nof_prbs=106 nof_dl_slots=1000 nof_ul_slots=1000 error_indications=0 mean_latency=5usec latency_hist=[1000, 0, 0, 0, 0, 0, 0, 0, 0, 0]
2025-08-01T22:10:17.314293 [METRICS ] [I] Cell Scheduler Metrics: total_dl_brate= 0bps total_ul_brate= 0bps nof_prbs=106 nof_dl_slots=1000 nof_ul_slots=1000 error_indications=0 mean_latency=5usec latency_hist=[1000, 0, 0, 0, 0, 0, 0, 0, 0, 0]
2025-08-01T22:10:18.314338 [METRICS ] [I] Cell Scheduler Metrics: total_dl_brate= 0bps total_ul_brate= 0bps nof_prbs=106 nof_dl_slots=1000 nof_ul_slots=1000 error_indications=0 mean_latency=5usec latency_hist=[1000, 0, 0, 0, 0, 0, 0, 0, 0, 0]
2025-08-01T22:10:19.314284 [METRICS ] [I] Cell Scheduler Metrics: total_dl_brate= 0bps total_ul_brate= 0bps nof_prbs=106 nof_dl_slots=1000 nof_ul_slots=1000 error_indications=0 mean_latency=5usec latency_hist=[1000, 0, 0, 0, 0, 0, 0, 0, 0, 0]
2025-08-01T22:10:20.314355 [METRICS ] [I] Cell Scheduler Metrics: total_dl_brate= 0bps total_ul_brate= 0bps nof_prbs=106 nof_dl_slots=1000 nof_ul_slots=1000 error_indications=0 mean_latency=5usec latency_hist=[1000, 0, 0, 0, 0, 0, 0, 0, 0, 0]
2025-08-01T22:10:21.314375 [METRICS ] [I] Cell Scheduler Metrics: total_dl_brate= 0bps total_ul_brate= 0bps nof_prbs=106 nof_dl_slots=1000 nof_ul_slots=1000 error_indications=0 mean_latency=5usec latency_hist=[1000, 0, 0, 0, 0, 0, 0, 0, 0, 0]
2025-08-01T22:10:22.314283 [METRICS ] [I] Cell Scheduler Metrics: total_dl_brate= 0bps total_ul_brate= 0bps nof_prbs=106 nof_dl_slots=1000 nof_ul_slots=1000 error_indications=0 mean_latency=5usec latency_hist=[1000, 0, 0, 0, 0, 0, 0, 0, 0, 0]
2025-08-01T22:10:23.314367 [METRICS ] [I] Cell Scheduler Metrics: total_dl_brate= 0bps total_ul_brate= 0bps nof_prbs=106 nof_dl_slots=1000 nof_ul_slots=1000 error_indications=0 mean_latency=5usec latency_hist=[1000, 0, 0, 0, 0, 0, 0, 0, 0, 0]
2025-08-01T22:10:24.314283 [METRICS ] [I] Cell Scheduler Metrics: total_dl_brate= 0bps total_ul_brate= 0bps nof_prbs=106 nof_dl_slots=1000 nof_ul_slots=1000 error_indications=0 mean_latency=4usec latency_hist=[1000, 0, 0, 0, 0, 0, 0, 0, 0, 0]
2025-08-01T22:10:25.314367 [METRICS ] [I] Cell Scheduler Metrics: total_dl_brate= 0bps total_ul_brate= 0bps nof_prbs=106 nof_dl_slots=1000 nof_ul_slots=1000 error_indications=0 mean_latency=5usec latency_hist=[1000, 0, 0, 0, 0, 0, 0, 0, 0, 0]
2025-08-01T22:10:26.314372 [METRICS ] [I] Cell Scheduler Metrics: total_dl_brate= 0bps total_ul_brate= 0bps nof_prbs=106 nof_dl_slots=1000 nof_ul_slots=1000 error_indications=0 mean_latency=5usec latency_hist=[1000, 0, 0, 0, 0, 0, 0, 0, 0, 0]
2025-08-01T22:10:27.314371 [METRICS ] [I] Cell Scheduler Metrics: total_dl_brate= 0bps total_ul_brate= 0bps nof_prbs=106 nof_dl_slots=1000 nof_ul_slots=1000 error_indications=0 mean_latency=5usec latency_hist=[1000, 0, 0, 0, 0, 0, 0, 0, 0, 0]
2025-08-01T22:10:28.314432 [METRICS ] [I] Cell Scheduler Metrics: total_dl_brate= 0bps total_ul_brate= 0bps nof_prbs=106 nof_dl_slots=1000 nof_ul_slots=1000 error_indications=0 mean_latency=6usec latency_hist=[999, 1, 0, 0, 0, 0, 0, 0, 0, 0]
2025-08-01T22:10:29.314340 [METRICS ] [I] Cell Scheduler Metrics: total_dl_brate= 0bps total_ul_brate= 0bps nof_prbs=106 nof_dl_slots=1000 nof_ul_slots=1000 error_indications=0 mean_latency=5usec latency_hist=[1000, 0, 0, 0, 0, 0, 0, 0, 0, 0]
2025-08-01T22:10:30.314436 [METRICS ] [I] Cell Scheduler Metrics: total_dl_brate= 0bps total_ul_brate= 0bps nof_prbs=106 nof_dl_slots=1000 nof_ul_slots=1000 error_indications=0 mean_latency=5usec latency_hist=[1000, 0, 0, 0, 0, 0, 0, 0, 0, 0]
2025-08-01T22:10:31.314354 [METRICS ] [I] Cell Scheduler Metrics: total_dl_brate= 0bps total_ul_brate= 0bps nof_prbs=106 nof_dl_slots=1000 nof_ul_slots=1000 error_indications=0 mean_latency=5usec latency_hist=[1000, 0, 0, 0, 0, 0, 0, 0, 0, 0]
2025-08-01T22:10:32.314368 [METRICS ] [I] Cell Scheduler Metrics: total_dl_brate= 0bps total_ul_brate= 0bps nof_prbs=106 nof_dl_slots=1000 nof_ul_slots=1000 error_indications=0 mean_latency=4usec latency_hist=[1000, 0, 0, 0, 0, 0, 0, 0, 0, 0]
2025-08-01T22:10:33.314435 [METRICS ] [I] Cell Scheduler Metrics: total_dl_brate= 0bps total_ul_brate= 0bps nof_prbs=106 nof_dl_slots=1000 nof_ul_slots=1000 error_indications=0 mean_latency=5usec latency_hist=[1000, 0, 0, 0, 0, 0, 0, 0, 0, 0]
2025-08-01T22:10:34.314329 [METRICS ] [I] Cell Scheduler Metrics: total_dl_brate= 0bps total_ul_brate= 0bps nof_prbs=106 nof_dl_slots=1000 nof_ul_slots=1000 error_indications=0 mean_latency=5usec latency_hist=[1000, 0, 0, 0, 0, 0, 0, 0, 0, 0]
2025-08-01T22:10:35.314423 [METRICS ] [I] Cell Scheduler Metrics: total_dl_brate= 0bps total_ul_brate= 0bps nof_prbs=106 nof_dl_slots=1000 nof_ul_slots=1000 error_indications=0 mean_latency=5usec latency_hist=[1000, 0, 0, 0, 0, 0, 0, 0, 0, 0]
2025-08-01T22:10:36.314316 [METRICS ] [I] Cell Scheduler Metrics: total_dl_brate= 0bps total_ul_brate= 0bps nof_prbs=106 nof_dl_slots=1000 nof_ul_slots=1000 error_indications=0 mean_latency=5usec latency_hist=[1000, 0, 0, 0, 0, 0, 0, 0, 0, 0]
2025-08-01T22:10:37.314388 [METRICS ] [I] Cell Scheduler Metrics: total_dl_brate= 0bps total_ul_brate= 0bps nof_prbs=106 nof_dl_slots=1000 nof_ul_slots=1000 error_indications=0 mean_latency=5usec latency_hist=[1000, 0, 0, 0, 0, 0, 0, 0, 0, 0]
2025-08-01T22:10:38.314424 [METRICS ] [I] Cell Scheduler Metrics: total_dl_brate= 0bps total_ul_brate= 0bps nof_prbs=106 nof_dl_slots=1000 nof_ul_slots=1000 error_indications=0 mean_latency=5usec latency_hist=[1000, 0, 0, 0, 0, 0, 0, 0, 0, 0]
2025-08-01T22:10:39.314423 [METRICS ] [I] Cell Scheduler Metrics: total_dl_brate= 0bps total_ul_brate= 0bps nof_prbs=106 nof_dl_slots=1000 nof_ul_slots=1000 error_indications=0 mean_latency=5usec latency_hist=[1000, 0, 0, 0, 0, 0, 0, 0, 0, 0]
2025-08-01T22:10:40.314413 [METRICS ] [I] Cell Scheduler Metrics: total_dl_brate= 0bps total_ul_brate= 0bps nof_prbs=106 nof_dl_slots=1000 nof_ul_slots=1000 error_indications=0 mean_latency=5usec latency_hist=[1000, 0, 0, 0, 0, 0, 0, 0, 0, 0]
2025-08-01T22:10:41.314376 [METRICS ] [I] Cell Scheduler Metrics: total_dl_brate= 0bps total_ul_brate= 0bps nof_prbs=106 nof_dl_slots=1000 nof_ul_slots=1000 error_indications=0 mean_latency=4usec latency_hist=[1000, 0, 0, 0, 0, 0, 0, 0, 0, 0]
2025-08-01T22:10:42.314424 [METRICS ] [I] Cell Scheduler Metrics: total_dl_brate= 0bps total_ul_brate= 0bps nof_prbs=106 nof_dl_slots=1000 nof_ul_slots=1000 error_indications=0 mean_latency=4usec latency_hist=[1000, 0, 0, 0, 0, 0, 0, 0, 0, 0]
2025-08-01T22:10:43.314498 [METRICS ] [I] Cell Scheduler Metrics: total_dl_brate= 0bps total_ul_brate= 0bps nof_prbs=106 nof_dl_slots=1000 nof_ul_slots=1000 error_indications=0 mean_latency=5usec latency_hist=[1000, 0, 0, 0, 0, 0, 0, 0, 0, 0]
2025-08-01T22:10:44.314498 [METRICS ] [I] Cell Scheduler Metrics: total_dl_brate= 0bps total_ul_brate= 0bps nof_prbs=106 nof_dl_slots=1000 nof_ul_slots=1000 error_indications=0 mean_latency=4usec latency_hist=[1000, 0, 0, 0, 0, 0, 0, 0, 0, 0]
2025-08-01T22:10:45.314498 [METRICS ] [I] Cell Scheduler Metrics: total_dl_brate= 0bps total_ul_brate= 0bps nof_prbs=106 nof_dl_slots=1000 nof_ul_slots=1000 error_indications=0 mean_latency=5usec latency_hist=[1000, 0, 0, 0, 0, 0, 0, 0, 0, 0]
2025-08-01T22:10:46.314376 [METRICS ] [I] Cell Scheduler Metrics: total_dl_brate= 0bps total_ul_brate= 0bps nof_prbs=106 nof_dl_slots=1000 nof_ul_slots=1000 error_indications=0 mean_latency=5usec latency_hist=[1000, 0, 0, 0, 0, 0, 0, 0, 0, 0]
2025-08-01T22:10:47.314454 [METRICS ] [I] Cell Scheduler Metrics: total_dl_brate= 0bps total_ul_brate= 0bps nof_prbs=106 nof_dl_slots=1000 nof_ul_slots=1000 error_indications=0 mean_latency=5usec latency_hist=[1000, 0, 0, 0, 0, 0, 0, 0, 0, 0]
2025-08-01T22:10:48.314459 [METRICS ] [I] Cell Scheduler Metrics: total_dl_brate= 0bps total_ul_brate= 0bps nof_prbs=106 nof_dl_slots=1000 nof_ul_slots=1000 error_indications=0 mean_latency=6usec latency_hist=[1000, 0, 0, 0, 0, 0, 0, 0, 0, 0]
2025-08-01T22:10:49.314464 [METRICS ] [I] Cell Scheduler Metrics: total_dl_brate= 0bps total_ul_brate= 0bps nof_prbs=106 nof_dl_slots=1000 nof_ul_slots=1000 error_indications=0 mean_latency=5usec latency_hist=[1000, 0, 0, 0, 0, 0, 0, 0, 0, 0]
2025-08-01T22:10:50.314529 [METRICS ] [I] Cell Scheduler Metrics: total_dl_brate= 0bps total_ul_brate= 0bps nof_prbs=106 nof_dl_slots=1000 nof_ul_slots=1000 error_indications=0 mean_latency=5usec latency_hist=[1000, 0, 0, 0, 0, 0, 0, 0, 0, 0]
2025-08-01T22:10:51.314478 [METRICS ] [I] Cell Scheduler Metrics: total_dl_brate= 0bps total_ul_brate= 0bps nof_prbs=106 nof_dl_slots=1000 nof_ul_slots=1000 error_indications=0 mean_latency=4usec latency_hist=[1000, 0, 0, 0, 0, 0, 0, 0, 0, 0]
2025-08-01T22:10:52.314462 [METRICS ] [I] Cell Scheduler Metrics: total_dl_brate= 0bps total_ul_brate= 0bps nof_prbs=106 nof_dl_slots=1000 nof_ul_slots=1000 error_indications=0 mean_latency=5usec latency_hist=[1000, 0, 0, 0, 0, 0, 0, 0, 0, 0]
2025-08-01T22:10:53.314456 [METRICS ] [I] Cell Scheduler Metrics: total_dl_brate= 0bps total_ul_brate= 0bps nof_prbs=106 nof_dl_slots=1000 nof_ul_slots=1000 error_indications=0 mean_latency=5usec latency_hist=[1000, 0, 0, 0, 0, 0, 0, 0, 0, 0]
2025-08-01T22:10:54.314453 [METRICS ] [I] Cell Scheduler Metrics: total_dl_brate= 0bps total_ul_brate= 0bps nof_prbs=106 nof_dl_slots=1000 nof_ul_slots=1000 error_indications=0 mean_latency=5usec latency_hist=[1000, 0, 0, 0, 0, 0, 0, 0, 0, 0]
2025-08-01T22:10:55.314519 [METRICS ] [I] Cell Scheduler Metrics: total_dl_brate= 0bps total_ul_brate= 0bps nof_prbs=106 nof_dl_slots=1000 nof_ul_slots=1000 error_indications=0 mean_latency=5usec latency_hist=[1000, 0, 0, 0, 0, 0, 0, 0, 0, 0]
2025-08-01T22:10:56.314453 [METRICS ] [I] Cell Scheduler Metrics: total_dl_brate= 0bps total_ul_brate= 0bps nof_prbs=106 nof_dl_slots=1000 nof_ul_slots=1000 error_indications=0 mean_latency=5usec latency_hist=[1000, 0, 0, 0, 0, 0, 0, 0, 0, 0]
2025-08-01T22:10:57.314533 [METRICS ] [I] Cell Scheduler Metrics: total_dl_brate= 0bps total_ul_brate= 0bps nof_prbs=106 nof_dl_slots=1000 nof_ul_slots=1000 error_indications=0 mean_latency=5usec latency_hist=[1000, 0, 0, 0, 0, 0, 0, 0, 0, 0]
2025-08-01T22:10:58.314445 [METRICS ] [I] Cell Scheduler Metrics: total_dl_brate= 0bps total_ul_brate= 0bps nof_prbs=106 nof_dl_slots=1000 nof_ul_slots=1000 error_indications=0 mean_latency=5usec latency_hist=[1000, 0, 0, 0, 0, 0, 0, 0, 0, 0]
2025-08-01T22:10:59.314475 [METRICS ] [I] Cell Scheduler Metrics: total_dl_brate= 0bps total_ul_brate= 0bps nof_prbs=106 nof_dl_slots=1000 nof_ul_slots=1000 error_indications=0 mean_latency=5usec latency_hist=[1000, 0, 0, 0, 0, 0, 0, 0, 0, 0]
2025-08-01T22:11:00.314536 [METRICS ] [I] Cell Scheduler Metrics: total_dl_brate= 0bps total_ul_brate= 0bps nof_prbs=106 nof_dl_slots=1000 nof_ul_slots=1000 error_indications=0 mean_latency=5usec latency_hist=[1000, 0, 0, 0, 0, 0, 0, 0, 0, 0]
2025-08-01T22:11:01.314458 [METRICS ] [I] Cell Scheduler Metrics: total_dl_brate= 0bps total_ul_brate= 0bps nof_prbs=106 nof_dl_slots=1000 nof_ul_slots=1000 error_indications=0 mean_latency=5usec latency_hist=[1000, 0, 0, 0, 0, 0, 0, 0, 0, 0]
2025-08-01T22:11:02.314592 [METRICS ] [I] Cell Scheduler Metrics: total_dl_brate= 0bps total_ul_brate= 0bps nof_prbs=106 nof_dl_slots=1000 nof_ul_slots=1000 error_indications=0 mean_latency=4usec latency_hist=[1000, 0, 0, 0, 0, 0, 0, 0, 0, 0]
2025-08-01T22:11:03.314490 [METRICS ] [I] Cell Scheduler Metrics: total_dl_brate= 0bps total_ul_brate= 0bps nof_prbs=106 nof_dl_slots=1000 nof_ul_slots=1000 error_indications=0 mean_latency=5usec latency_hist=[1000, 0, 0, 0, 0, 0, 0, 0, 0, 0]
2025-08-01T22:11:04.314535 [METRICS ] [I] Cell Scheduler Metrics: total_dl_brate= 0bps total_ul_brate= 0bps nof_prbs=106 nof_dl_slots=1000 nof_ul_slots=1000 error_indications=0 mean_latency=5usec latency_hist=[999, 1, 0, 0, 0, 0, 0, 0, 0, 0]
2025-08-01T22:11:05.314430 [METRICS ] [I] Cell Scheduler Metrics: total_dl_brate= 0bps total_ul_brate= 0bps nof_prbs=106 nof_dl_slots=1000 nof_ul_slots=1000 error_indications=0 mean_latency=5usec latency_hist=[1000, 0, 0, 0, 0, 0, 0, 0, 0, 0]
2025-08-01T22:11:06.314484 [METRICS ] [I] Cell Scheduler Metrics: total_dl_brate= 0bps total_ul_brate= 0bps nof_prbs=106 nof_dl_slots=1000 nof_ul_slots=1000 error_indications=0 mean_latency=5usec latency_hist=[1000, 0, 0, 0, 0, 0, 0, 0, 0, 0]
2025-08-01T22:11:07.314556 [METRICS ] [I] Cell Scheduler Metrics: total_dl_brate= 0bps total_ul_brate= 0bps nof_prbs=106 nof_dl_slots=1000 nof_ul_slots=1000 error_indications=0 mean_latency=5usec latency_hist=[1000, 0, 0, 0, 0, 0, 0, 0, 0, 0]
2025-08-01T22:11:08.314510 [METRICS ] [I] Cell Scheduler Metrics: total_dl_brate= 0bps total_ul_brate= 0bps nof_prbs=106 nof_dl_slots=1000 nof_ul_slots=1000 error_indications=0 mean_latency=5usec latency_hist=[1000, 0, 0, 0, 0, 0, 0, 0, 0, 0]
2025-08-01T22:11:09.314536 [METRICS ] [I] Cell Scheduler Metrics: total_dl_brate= 0bps total_ul_brate= 0bps nof_prbs=106 nof_dl_slots=1000 nof_ul_slots=1000 error_indications=0 mean_latency=5usec latency_hist=[999, 1, 0, 0, 0, 0, 0, 0, 0, 0]
2025-08-01T22:11:10.314521 [METRICS ] [I] Cell Scheduler Metrics: total_dl_brate= 0bps total_ul_brate= 0bps nof_prbs=106 nof_dl_slots=1000 nof_ul_slots=1000 error_indications=0 mean_latency=5usec latency_hist=[1000, 0, 0, 0, 0, 0, 0, 0, 0, 0]
2025-08-01T22:11:11.314530 [METRICS ] [I] Cell Scheduler Metrics: total_dl_brate= 0bps total_ul_brate= 0bps nof_prbs=106 nof_dl_slots=1000 nof_ul_slots=1000 error_indications=0 mean_latency=4usec latency_hist=[1000, 0, 0, 0, 0, 0, 0, 0, 0, 0]
2025-08-01T22:11:12.314600 [METRICS ] [I] Cell Scheduler Metrics: total_dl_brate= 0bps total_ul_brate= 0bps nof_prbs=106 nof_dl_slots=1000 nof_ul_slots=1000 error_indications=0 mean_latency=4usec latency_hist=[1000, 0, 0, 0, 0, 0, 0, 0, 0, 0]
2025-08-01T22:11:13.314525 [METRICS ] [I] Cell Scheduler Metrics: total_dl_brate= 0bps total_ul_brate= 0bps nof_prbs=106 nof_dl_slots=1000 nof_ul_slots=1000 error_indications=0 mean_latency=5usec latency_hist=[1000, 0, 0, 0, 0, 0, 0, 0, 0, 0]
2025-08-01T22:11:14.314609 [METRICS ] [I] Cell Scheduler Metrics: total_dl_brate= 0bps total_ul_brate= 0bps nof_prbs=106 nof_dl_slots=1000 nof_ul_slots=1000 error_indications=0 mean_latency=4usec latency_hist=[1000, 0, 0, 0, 0, 0, 0, 0, 0, 0]
2025-08-01T22:11:15.314520 [METRICS ] [I] Cell Scheduler Metrics: total_dl_brate= 0bps total_ul_brate= 0bps nof_prbs=106 nof_dl_slots=1000 nof_ul_slots=1000 error_indications=0 mean_latency=5usec latency_hist=[1000, 0, 0, 0, 0, 0, 0, 0, 0, 0]
2025-08-01T22:11:16.314600 [METRICS ] [I] Cell Scheduler Metrics: total_dl_brate= 0bps total_ul_brate= 0bps nof_prbs=106 nof_dl_slots=1000 nof_ul_slots=1000 error_indications=0 mean_latency=5usec latency_hist=[1000, 0, 0, 0, 0, 0, 0, 0, 0, 0]
2025-08-01T22:11:17.314608 [METRICS ] [I] Cell Scheduler Metrics: total_dl_brate= 0bps total_ul_brate= 0bps nof_prbs=106 nof_dl_slots=1000 nof_ul_slots=1000 error_indications=0 mean_latency=5usec latency_hist=[1000, 0, 0, 0, 0, 0, 0, 0, 0, 0]
2025-08-01T22:11:18.314537 [METRICS ] [I] Cell Scheduler Metrics: total_dl_brate= 0bps total_ul_brate= 0bps nof_prbs=106 nof_dl_slots=1000 nof_ul_slots=1000 error_indications=0 mean_latency=5usec latency_hist=[1000, 0, 0, 0, 0, 0, 0, 0, 0, 0]
2025-08-01T22:11:19.314588 [METRICS ] [I] Cell Scheduler Metrics: total_dl_brate= 0bps total_ul_brate= 0bps nof_prbs=106 nof_dl_slots=1000 nof_ul_slots=1000 error_indications=0 mean_latency=5usec latency_hist=[1000, 0, 0, 0, 0, 0, 0, 0, 0, 0]
2025-08-01T22:11:20.314606 [METRICS ] [I] Cell Scheduler Metrics: total_dl_brate= 0bps total_ul_brate= 0bps nof_prbs=106 nof_dl_slots=1000 nof_ul_slots=1000 error_indications=0 mean_latency=5usec latency_hist=[1000, 0, 0, 0, 0, 0, 0, 0, 0, 0]
2025-08-01T22:11:21.314655 [METRICS ] [I] Cell Scheduler Metrics: total_dl_brate= 0bps total_ul_brate= 0bps nof_prbs=106 nof_dl_slots=1000 nof_ul_slots=1000 error_indications=0 mean_latency=4usec latency_hist=[1000, 0, 0, 0, 0, 0, 0, 0, 0, 0]
2025-08-01T22:11:22.314535 [METRICS ] [I] Cell Scheduler Metrics: total_dl_brate= 0bps total_ul_brate= 0bps nof_prbs=106 nof_dl_slots=1000 nof_ul_slots=1000 error_indications=0 mean_latency=5usec latency_hist=[1000, 0, 0, 0, 0, 0, 0, 0, 0, 0]
2025-08-01T22:11:23.314604 [METRICS ] [I] Cell Scheduler Metrics: total_dl_brate= 0bps total_ul_brate= 0bps nof_prbs=106 nof_dl_slots=1000 nof_ul_slots=1000 error_indications=0 mean_latency=5usec latency_hist=[1000, 0, 0, 0, 0, 0, 0, 0, 0, 0]
2025-08-01T22:11:24.314658 [METRICS ] [I] Cell Scheduler Metrics: total_dl_brate= 0bps total_ul_brate= 0bps nof_prbs=106 nof_dl_slots=1000 nof_ul_slots=1000 error_indications=0 mean_latency=4usec latency_hist=[1000, 0, 0, 0, 0, 0, 0, 0, 0, 0]
2025-08-01T22:11:25.314590 [METRICS ] [I] Cell Scheduler Metrics: total_dl_brate= 0bps total_ul_brate= 0bps nof_prbs=106 nof_dl_slots=1000 nof_ul_slots=1000 error_indications=0 mean_latency=5usec latency_hist=[1000, 0, 0, 0, 0, 0, 0, 0, 0, 0]
2025-08-01T22:11:26.314640 [METRICS ] [I] Cell Scheduler Metrics: total_dl_brate= 0bps total_ul_brate= 0bps nof_prbs=106 nof_dl_slots=1000 nof_ul_slots=1000 error_indications=0 mean_latency=5usec latency_hist=[1000, 0, 0, 0, 0, 0, 0, 0, 0, 0]
2025-08-01T22:11:27.314573 [METRICS ] [I] Cell Scheduler Metrics: total_dl_brate= 0bps total_ul_brate= 0bps nof_prbs=106 nof_dl_slots=1000 nof_ul_slots=1000 error_indications=0 mean_latency=5usec latency_hist=[1000, 0, 0, 0, 0, 0, 0, 0, 0, 0]
2025-08-01T22:11:28.314610 [METRICS ] [I] Cell Scheduler Metrics: total_dl_brate= 0bps total_ul_brate= 0bps nof_prbs=106 nof_dl_slots=1000 nof_ul_slots=1000 error_indications=0 mean_latency=5usec latency_hist=[1000, 0, 0, 0, 0, 0, 0, 0, 0, 0]
2025-08-01T22:11:29.314742 [METRICS ] [I] Cell Scheduler Metrics: total_dl_brate= 0bps total_ul_brate= 0bps nof_prbs=106 nof_dl_slots=1000 nof_ul_slots=1000 error_indications=0 mean_latency=5usec latency_hist=[999, 1, 0, 0, 0, 0, 0, 0, 0, 0]
2025-08-01T22:11:30.314613 [METRICS ] [I] Cell Scheduler Metrics: total_dl_brate= 0bps total_ul_brate= 0bps nof_prbs=106 nof_dl_slots=1000 nof_ul_slots=1000 error_indications=0 mean_latency=5usec latency_hist=[1000, 0, 0, 0, 0, 0, 0, 0, 0, 0]
2025-08-01T22:11:31.314620 [METRICS ] [I] Cell Scheduler Metrics: total_dl_brate= 0bps total_ul_brate= 0bps nof_prbs=106 nof_dl_slots=1000 nof_ul_slots=1000 error_indications=0 mean_latency=5usec latency_hist=[1000, 0, 0, 0, 0, 0, 0, 0, 0, 0]
2025-08-01T22:11:32.314632 [METRICS ] [I] Cell Scheduler Metrics: total_dl_brate= 0bps total_ul_brate= 0bps nof_prbs=106 nof_dl_slots=1000 nof_ul_slots=1000 error_indications=0 mean_latency=4usec latency_hist=[1000, 0, 0, 0, 0, 0, 0, 0, 0, 0]
2025-08-01T22:11:33.314645 [METRICS ] [I] Cell Scheduler Metrics: total_dl_brate= 0bps total_ul_brate= 0bps nof_prbs=106 nof_dl_slots=1000 nof_ul_slots=1000 error_indications=0 mean_latency=5usec latency_hist=[1000, 0, 0, 0, 0, 0, 0, 0, 0, 0]
2025-08-01T22:11:34.314701 [METRICS ] [I] Cell Scheduler Metrics: total_dl_brate= 0bps total_ul_brate= 0bps nof_prbs=106 nof_dl_slots=1000 nof_ul_slots=1000 error_indications=0 mean_latency=5usec latency_hist=[1000, 0, 0, 0, 0, 0, 0, 0, 0, 0]
2025-08-01T22:11:35.314612 [METRICS ] [I] Cell Scheduler Metrics: total_dl_brate= 0bps total_ul_brate= 0bps nof_prbs=106 nof_dl_slots=1000 nof_ul_slots=1000 error_indications=0 mean_latency=5usec latency_hist=[1000, 0, 0, 0, 0, 0, 0, 0, 0, 0]
2025-08-01T22:11:36.314690 [METRICS ] [I] Cell Scheduler Metrics: total_dl_brate= 0bps total_ul_brate= 0bps nof_prbs=106 nof_dl_slots=1000 nof_ul_slots=1000 error_indications=0 mean_latency=5usec latency_hist=[1000, 0, 0, 0, 0, 0, 0, 0, 0, 0]
2025-08-01T22:11:37.314672 [METRICS ] [I] Cell Scheduler Metrics: total_dl_brate= 0bps total_ul_brate= 0bps nof_prbs=106 nof_dl_slots=1000 nof_ul_slots=1000 error_indications=0 mean_latency=5usec latency_hist=[1000, 0, 0, 0, 0, 0, 0, 0, 0, 0]
2025-08-01T22:11:38.314673 [METRICS ] [I] Cell Scheduler Metrics: total_dl_brate= 0bps total_ul_brate= 0bps nof_prbs=106 nof_dl_slots=1000 nof_ul_slots=1000 error_indications=0 mean_latency=5usec latency_hist=[1000, 0, 0, 0, 0, 0, 0, 0, 0, 0]
2025-08-01T22:11:39.314601 [METRICS ] [I] Cell Scheduler Metrics: total_dl_brate= 0bps total_ul_brate= 0bps nof_prbs=106 nof_dl_slots=1000 nof_ul_slots=1000 error_indications=0 mean_latency=5usec latency_hist=[1000, 0, 0, 0, 0, 0, 0, 0, 0, 0]
2025-08-01T22:11:40.314679 [METRICS ] [I] Cell Scheduler Metrics: total_dl_brate= 0bps total_ul_brate= 0bps nof_prbs=106 nof_dl_slots=1000 nof_ul_slots=1000 error_indications=0 mean_latency=5usec latency_hist=[1000, 0, 0, 0, 0, 0, 0, 0, 0, 0]
2025-08-01T22:11:41.314729 [METRICS ] [I] Cell Scheduler Metrics: total_dl_brate= 0bps total_ul_brate= 0bps nof_prbs=106 nof_dl_slots=1000 nof_ul_slots=1000 error_indications=0 mean_latency=4usec latency_hist=[1000, 0, 0, 0, 0, 0, 0, 0, 0, 0]
2025-08-01T22:11:42.314653 [METRICS ] [I] Cell Scheduler Metrics: total_dl_brate= 0bps total_ul_brate= 0bps nof_prbs=106 nof_dl_slots=1000 nof_ul_slots=1000 error_indications=0 mean_latency=4usec latency_hist=[1000, 0, 0, 0, 0, 0, 0, 0, 0, 0]
2025-08-01T22:11:43.314682 [METRICS ] [I] Cell Scheduler Metrics: total_dl_brate= 0bps total_ul_brate= 0bps nof_prbs=106 nof_dl_slots=1000 nof_ul_slots=1000 error_indications=0 mean_latency=5usec latency_hist=[1000, 0, 0, 0, 0, 0, 0, 0, 0, 0]
2025-08-01T22:11:44.314705 [METRICS ] [I] Cell Scheduler Metrics: total_dl_brate= 0bps total_ul_brate= 0bps nof_prbs=106 nof_dl_slots=1000 nof_ul_slots=1000 error_indications=0 mean_latency=4usec latency_hist=[1000, 0, 0, 0, 0, 0, 0, 0, 0, 0]
2025-08-01T22:11:45.314671 [METRICS ] [I] Cell Scheduler Metrics: total_dl_brate= 0bps total_ul_brate= 0bps nof_prbs=106 nof_dl_slots=1000 nof_ul_slots=1000 error_indications=0 mean_latency=5usec latency_hist=[1000, 0, 0, 0, 0, 0, 0, 0, 0, 0]
2025-08-01T22:11:46.314824 [METRICS ] [I] Cell Scheduler Metrics: total_dl_brate= 0bps total_ul_brate= 0bps nof_prbs=106 nof_dl_slots=1000 nof_ul_slots=1000 error_indications=0 mean_latency=5usec latency_hist=[1000, 0, 0, 0, 0, 0, 0, 0, 0, 0]
2025-08-01T22:11:47.314663 [METRICS ] [I] Cell Scheduler Metrics: total_dl_brate= 0bps total_ul_brate= 0bps nof_prbs=106 nof_dl_slots=1000 nof_ul_slots=1000 error_indications=0 mean_latency=4usec latency_hist=[1000, 0, 0, 0, 0, 0, 0, 0, 0, 0]
2025-08-01T22:11:48.314727 [METRICS ] [I] Cell Scheduler Metrics: total_dl_brate= 0bps total_ul_brate= 0bps nof_prbs=106 nof_dl_slots=1000 nof_ul_slots=1000 error_indications=0 mean_latency=5usec latency_hist=[1000, 0, 0, 0, 0, 0, 0, 0, 0, 0]
2025-08-01T22:11:49.314660 [METRICS ] [I] Cell Scheduler Metrics: total_dl_brate= 0bps total_ul_brate= 0bps nof_prbs=106 nof_dl_slots=1000 nof_ul_slots=1000 error_indications=0 mean_latency=4usec latency_hist=[1000, 0, 0, 0, 0, 0, 0, 0, 0, 0]
2025-08-01T22:11:50.314699 [METRICS ] [I] Cell Scheduler Metrics: total_dl_brate= 0bps total_ul_brate= 0bps nof_prbs=106 nof_dl_slots=1000 nof_ul_slots=1000 error_indications=0 mean_latency=5usec latency_hist=[1000, 0, 0, 0, 0, 0, 0, 0, 0, 0]
2025-08-01T22:11:51.314766 [METRICS ] [I] Cell Scheduler Metrics: total_dl_brate= 0bps total_ul_brate= 0bps nof_prbs=106 nof_dl_slots=1000 nof_ul_slots=1000 error_indications=0 mean_latency=5usec latency_hist=[1000, 0, 0, 0, 0, 0, 0, 0, 0, 0]
2025-08-01T22:11:52.314684 [METRICS ] [I] Cell Scheduler Metrics: total_dl_brate= 0bps total_ul_brate= 0bps nof_prbs=106 nof_dl_slots=1000 nof_ul_slots=1000 error_indications=0 mean_latency=5usec latency_hist=[1000, 0, 0, 0, 0, 0, 0, 0, 0, 0]
2025-08-01T22:11:53.314766 [METRICS ] [I] Cell Scheduler Metrics: total_dl_brate= 0bps total_ul_brate= 0bps nof_prbs=106 nof_dl_slots=1000 nof_ul_slots=1000 error_indications=0 mean_latency=5usec latency_hist=[1000, 0, 0, 0, 0, 0, 0, 0, 0, 0]
2025-08-01T22:11:54.314691 [METRICS ] [I] Cell Scheduler Metrics: total_dl_brate= 0bps total_ul_brate= 0bps nof_prbs=106 nof_dl_slots=1000 nof_ul_slots=1000 error_indications=0 mean_latency=5usec latency_hist=[1000, 0, 0, 0, 0, 0, 0, 0, 0, 0]
2025-08-01T22:11:55.314761 [METRICS ] [I] Cell Scheduler Metrics: total_dl_brate= 0bps total_ul_brate= 0bps nof_prbs=106 nof_dl_slots=1000 nof_ul_slots=1000 error_indications=0 mean_latency=5usec latency_hist=[1000, 0, 0, 0, 0, 0, 0, 0, 0, 0]
2025-08-01T22:11:56.314657 [METRICS ] [I] Cell Scheduler Metrics: total_dl_brate= 0bps total_ul_brate= 0bps nof_prbs=106 nof_dl_slots=1000 nof_ul_slots=1000 error_indications=0 mean_latency=5usec latency_hist=[1000, 0, 0, 0, 0, 0, 0, 0, 0, 0]
2025-08-01T22:11:57.314759 [METRICS ] [I] Cell Scheduler Metrics: total_dl_brate= 0bps total_ul_brate= 0bps nof_prbs=106 nof_dl_slots=1000 nof_ul_slots=1000 error_indications=0 mean_latency=4usec latency_hist=[1000, 0, 0, 0, 0, 0, 0, 0, 0, 0]
2025-08-01T22:11:58.314778 [METRICS ] [I] Cell Scheduler Metrics: total_dl_brate= 0bps total_ul_brate= 0bps nof_prbs=106 nof_dl_slots=1000 nof_ul_slots=1000 error_indications=0 mean_latency=5usec latency_hist=[1000, 0, 0, 0, 0, 0, 0, 0, 0, 0]
2025-08-01T22:11:59.314692 [METRICS ] [I] Cell Scheduler Metrics: total_dl_brate= 0bps total_ul_brate= 0bps nof_prbs=106 nof_dl_slots=1000 nof_ul_slots=1000 error_indications=0 mean_latency=5usec latency_hist=[1000, 0, 0, 0, 0, 0, 0, 0, 0, 0]
2025-08-01T22:12:00.314763 [METRICS ] [I] Cell Scheduler Metrics: total_dl_brate= 0bps total_ul_brate= 0bps nof_prbs=106 nof_dl_slots=1000 nof_ul_slots=1000 error_indications=0 mean_latency=5usec latency_hist=[1000, 0, 0, 0, 0, 0, 0, 0, 0, 0]
2025-08-01T22:12:01.314686 [METRICS ] [I] Cell Scheduler Metrics: total_dl_brate= 0bps total_ul_brate= 0bps nof_prbs=106 nof_dl_slots=1000 nof_ul_slots=1000 error_indications=0 mean_latency=5usec latency_hist=[1000, 0, 0, 0, 0, 0, 0, 0, 0, 0]
2025-08-01T22:12:02.314763 [METRICS ] [I] Cell Scheduler Metrics: total_dl_brate= 0bps total_ul_brate= 0bps nof_prbs=106 nof_dl_slots=1000 nof_ul_slots=1000 error_indications=0 mean_latency=5usec latency_hist=[1000, 0, 0, 0, 0, 0, 0, 0, 0, 0]
2025-08-01T22:12:03.314809 [METRICS ] [I] Cell Scheduler Metrics: total_dl_brate= 0bps total_ul_brate= 0bps nof_prbs=106 nof_dl_slots=1000 nof_ul_slots=1000 error_indications=0 mean_latency=5usec latency_hist=[1000, 0, 0, 0, 0, 0, 0, 0, 0, 0]
2025-08-01T22:12:04.314743 [METRICS ] [I] Cell Scheduler Metrics: total_dl_brate= 0bps total_ul_brate= 0bps nof_prbs=106 nof_dl_slots=1000 nof_ul_slots=1000 error_indications=0 mean_latency=5usec latency_hist=[1000, 0, 0, 0, 0, 0, 0, 0, 0, 0]
2025-08-01T22:12:05.314787 [METRICS ] [I] Cell Scheduler Metrics: total_dl_brate= 0bps total_ul_brate= 0bps nof_prbs=106 nof_dl_slots=1000 nof_ul_slots=1000 error_indications=0 mean_latency=5usec latency_hist=[1000, 0, 0, 0, 0, 0, 0, 0, 0, 0]
2025-08-01T22:12:06.314749 [METRICS ] [I] Cell Scheduler Metrics: total_dl_brate= 0bps total_ul_brate= 0bps nof_prbs=106 nof_dl_slots=1000 nof_ul_slots=1000 error_indications=0 mean_latency=5usec latency_hist=[1000, 0, 0, 0, 0, 0, 0, 0, 0, 0]
2025-08-01T22:12:07.314771 [METRICS ] [I] Cell Scheduler Metrics: total_dl_brate= 0bps total_ul_brate= 0bps nof_prbs=106 nof_dl_slots=1000 nof_ul_slots=1000 error_indications=0 mean_latency=5usec latency_hist=[1000, 0, 0, 0, 0, 0, 0, 0, 0, 0]
2025-08-01T22:12:08.314840 [METRICS ] [I] Cell Scheduler Metrics: total_dl_brate= 0bps total_ul_brate= 0bps nof_prbs=106 nof_dl_slots=1000 nof_ul_slots=1000 error_indications=0 mean_latency=5usec latency_hist=[1000, 0, 0, 0, 0, 0, 0, 0, 0, 0]
2025-08-01T22:12:09.314829 [METRICS ] [I] Cell Scheduler Metrics: total_dl_brate= 0bps total_ul_brate= 0bps nof_prbs=106 nof_dl_slots=1000 nof_ul_slots=1000 error_indications=0 mean_latency=5usec latency_hist=[1000, 0, 0, 0, 0, 0, 0, 0, 0, 0]
2025-08-01T22:12:10.314836 [METRICS ] [I] Cell Scheduler Metrics: total_dl_brate= 0bps total_ul_brate= 0bps nof_prbs=106 nof_dl_slots=1000 nof_ul_slots=1000 error_indications=0 mean_latency=5usec latency_hist=[1000, 0, 0, 0, 0, 0, 0, 0, 0, 0]
2025-08-01T22:12:11.314756 [METRICS ] [I] Cell Scheduler Metrics: total_dl_brate= 0bps total_ul_brate= 0bps nof_prbs=106 nof_dl_slots=1000 nof_ul_slots=1000 error_indications=0 mean_latency=5usec latency_hist=[1000, 0, 0, 0, 0, 0, 0, 0, 0, 0]
2025-08-01T22:12:12.314804 [METRICS ] [I] Cell Scheduler Metrics: total_dl_brate= 0bps total_ul_brate= 0bps nof_prbs=106 nof_dl_slots=1000 nof_ul_slots=1000 error_indications=0 mean_latency=5usec latency_hist=[1000, 0, 0, 0, 0, 0, 0, 0, 0, 0]
2025-08-01T22:12:13.314728 [METRICS ] [I] Cell Scheduler Metrics: total_dl_brate= 0bps total_ul_brate= 0bps nof_prbs=106 nof_dl_slots=1000 nof_ul_slots=1000 error_indications=0 mean_latency=5usec latency_hist=[1000, 0, 0, 0, 0, 0, 0, 0, 0, 0]
2025-08-01T22:12:14.314798 [METRICS ] [I] Cell Scheduler Metrics: total_dl_brate= 0bps total_ul_brate= 0bps nof_prbs=106 nof_dl_slots=1000 nof_ul_slots=1000 error_indications=0 mean_latency=5usec latency_hist=[1000, 0, 0, 0, 0, 0, 0, 0, 0, 0]
2025-08-01T22:12:15.314914 [METRICS ] [I] Cell Scheduler Metrics: total_dl_brate= 0bps total_ul_brate= 0bps nof_prbs=106 nof_dl_slots=1000 nof_ul_slots=1000 error_indications=0 mean_latency=4usec latency_hist=[1000, 0, 0, 0, 0, 0, 0, 0, 0, 0]
2025-08-01T22:12:16.314830 [METRICS ] [I] Cell Scheduler Metrics: total_dl_brate= 0bps total_ul_brate= 0bps nof_prbs=106 nof_dl_slots=1000 nof_ul_slots=1000 error_indications=0 mean_latency=5usec latency_hist=[1000, 0, 0, 0, 0, 0, 0, 0, 0, 0]
2025-08-01T22:12:17.314914 [METRICS ] [I] Cell Scheduler Metrics: total_dl_brate= 0bps total_ul_brate= 0bps nof_prbs=106 nof_dl_slots=1000 nof_ul_slots=1000 error_indications=0 mean_latency=4usec latency_hist=[1000, 0, 0, 0, 0, 0, 0, 0, 0, 0]
2025-08-01T22:12:18.314809 [METRICS ] [I] Cell Scheduler Metrics: total_dl_brate= 0bps total_ul_brate= 0bps nof_prbs=106 nof_dl_slots=1000 nof_ul_slots=1000 error_indications=0 mean_latency=6usec latency_hist=[1000, 0, 0, 0, 0, 0, 0, 0, 0, 0]
2025-08-01T22:12:19.314897 [METRICS ] [I] Cell Scheduler Metrics: total_dl_brate= 0bps total_ul_brate= 0bps nof_prbs=106 nof_dl_slots=1000 nof_ul_slots=1000 error_indications=0 mean_latency=4usec latency_hist=[1000, 0, 0, 0, 0, 0, 0, 0, 0, 0]
2025-08-01T22:12:20.314913 [METRICS ] [I] Cell Scheduler Metrics: total_dl_brate= 0bps total_ul_brate= 0bps nof_prbs=106 nof_dl_slots=1000 nof_ul_slots=1000 error_indications=0 mean_latency=5usec latency_hist=[1000, 0, 0, 0, 0, 0, 0, 0, 0, 0]
2025-08-01T22:12:21.314823 [METRICS ] [I] Cell Scheduler Metrics: total_dl_brate= 0bps total_ul_brate= 0bps nof_prbs=106 nof_dl_slots=1000 nof_ul_slots=1000 error_indications=0 mean_latency=5usec latency_hist=[999, 1, 0, 0, 0, 0, 0, 0, 0, 0]
2025-08-01T22:12:22.314900 [METRICS ] [I] Cell Scheduler Metrics: total_dl_brate= 0bps total_ul_brate= 0bps nof_prbs=106 nof_dl_slots=1000 nof_ul_slots=1000 error_indications=0 mean_latency=5usec latency_hist=[1000, 0, 0, 0, 0, 0, 0, 0, 0, 0]
2025-08-01T22:12:23.314800 [METRICS ] [I] Cell Scheduler Metrics: total_dl_brate= 0bps total_ul_brate= 0bps nof_prbs=106 nof_dl_slots=1000 nof_ul_slots=1000 error_indications=0 mean_latency=5usec latency_hist=[1000, 0, 0, 0, 0, 0, 0, 0, 0, 0]
2025-08-01T22:12:24.314842 [METRICS ] [I] Cell Scheduler Metrics: total_dl_brate= 0bps total_ul_brate= 0bps nof_prbs=106 nof_dl_slots=1000 nof_ul_slots=1000 error_indications=0 mean_latency=5usec latency_hist=[1000, 0, 0, 0, 0, 0, 0, 0, 0, 0]
2025-08-01T22:12:25.314895 [METRICS ] [I] Cell Scheduler Metrics: total_dl_brate= 0bps total_ul_brate= 0bps nof_prbs=106 nof_dl_slots=1000 nof_ul_slots=1000 error_indications=0 mean_latency=4usec latency_hist=[1000, 0, 0, 0, 0, 0, 0, 0, 0, 0]
2025-08-01T22:12:26.314832 [METRICS ] [I] Cell Scheduler Metrics: total_dl_brate= 0bps total_ul_brate= 0bps nof_prbs=106 nof_dl_slots=1000 nof_ul_slots=1000 error_indications=0 mean_latency=5usec latency_hist=[1000, 0, 0, 0, 0, 0, 0, 0, 0, 0]
2025-08-01T22:12:27.314917 [METRICS ] [I] Cell Scheduler Metrics: total_dl_brate= 0bps total_ul_brate= 0bps nof_prbs=106 nof_dl_slots=1000 nof_ul_slots=1000 error_indications=0 mean_latency=4usec latency_hist=[1000, 0, 0, 0, 0, 0, 0, 0, 0, 0]
2025-08-01T22:12:28.314888 [METRICS ] [I] Cell Scheduler Metrics: total_dl_brate= 0bps total_ul_brate= 0bps nof_prbs=106 nof_dl_slots=1000 nof_ul_slots=1000 error_indications=0 mean_latency=5usec latency_hist=[999, 1, 0, 0, 0, 0, 0, 0, 0, 0]
2025-08-01T22:12:29.314872 [METRICS ] [I] Cell Scheduler Metrics: total_dl_brate= 0bps total_ul_brate= 0bps nof_prbs=106 nof_dl_slots=1000 nof_ul_slots=1000 error_indications=0 mean_latency=5usec latency_hist=[1000, 0, 0, 0, 0, 0, 0, 0, 0, 0]
2025-08-01T22:12:30.314892 [METRICS ] [I] Cell Scheduler Metrics: total_dl_brate= 0bps total_ul_brate= 0bps nof_prbs=106 nof_dl_slots=1000 nof_ul_slots=1000 error_indications=0 mean_latency=5usec latency_hist=[1000, 0, 0, 0, 0, 0, 0, 0, 0, 0]
2025-08-01T22:12:31.314874 [METRICS ] [I] Cell Scheduler Metrics: total_dl_brate= 0bps total_ul_brate= 0bps nof_prbs=106 nof_dl_slots=1000 nof_ul_slots=1000 error_indications=0 mean_latency=5usec latency_hist=[1000, 0, 0, 0, 0, 0, 0, 0, 0, 0]
2025-08-01T22:12:32.314959 [METRICS ] [I] Cell Scheduler Metrics: total_dl_brate= 0bps total_ul_brate= 0bps nof_prbs=106 nof_dl_slots=1000 nof_ul_slots=1000 error_indications=0 mean_latency=5usec latency_hist=[1000, 0, 0, 0, 0, 0, 0, 0, 0, 0]
2025-08-01T22:12:33.314901 [METRICS ] [I] Cell Scheduler Metrics: total_dl_brate= 0bps total_ul_brate= 0bps nof_prbs=106 nof_dl_slots=1000 nof_ul_slots=1000 error_indications=0 mean_latency=5usec latency_hist=[1000, 0, 0, 0, 0, 0, 0, 0, 0, 0]
2025-08-01T22:12:34.314898 [METRICS ] [I] Cell Scheduler Metrics: total_dl_brate= 0bps total_ul_brate= 0bps nof_prbs=106 nof_dl_slots=1000 nof_ul_slots=1000 error_indications=0 mean_latency=5usec latency_hist=[1000, 0, 0, 0, 0, 0, 0, 0, 0, 0]
2025-08-01T22:12:35.314841 [METRICS ] [I] Cell Scheduler Metrics: total_dl_brate= 0bps total_ul_brate= 0bps nof_prbs=106 nof_dl_slots=1000 nof_ul_slots=1000 error_indications=0 mean_latency=5usec latency_hist=[1000, 0, 0, 0, 0, 0, 0, 0, 0, 0]
2025-08-01T22:12:36.314925 [METRICS ] [I] Cell Scheduler Metrics: total_dl_brate= 0bps total_ul_brate= 0bps nof_prbs=106 nof_dl_slots=1000 nof_ul_slots=1000 error_indications=0 mean_latency=5usec latency_hist=[1000, 0, 0, 0, 0, 0, 0, 0, 0, 0]
2025-08-01T22:12:37.314966 [METRICS ] [I] Cell Scheduler Metrics: total_dl_brate= 0bps total_ul_brate= 0bps nof_prbs=106 nof_dl_slots=1000 nof_ul_slots=1000 error_indications=0 mean_latency=4usec latency_hist=[1000, 0, 0, 0, 0, 0, 0, 0, 0, 0]
2025-08-01T22:12:38.314942 [METRICS ] [I] Cell Scheduler Metrics: total_dl_brate= 0bps total_ul_brate= 0bps nof_prbs=106 nof_dl_slots=1000 nof_ul_slots=1000 error_indications=0 mean_latency=6usec latency_hist=[1000, 0, 0, 0, 0, 0, 0, 0, 0, 0]
2025-08-01T22:12:39.314986 [METRICS ] [I] Cell Scheduler Metrics: total_dl_brate= 0bps total_ul_brate= 0bps nof_prbs=106 nof_dl_slots=1000 nof_ul_slots=1000 error_indications=0 mean_latency=5usec latency_hist=[1000, 0, 0, 0, 0, 0, 0, 0, 0, 0]
2025-08-01T22:12:40.314896 [METRICS ] [I] Cell Scheduler Metrics: total_dl_brate= 0bps total_ul_brate= 0bps nof_prbs=106 nof_dl_slots=1000 nof_ul_slots=1000 error_indications=0 mean_latency=4usec latency_hist=[1000, 0, 0, 0, 0, 0, 0, 0, 0, 0]
2025-08-01T22:12:41.314981 [METRICS ] [I] Cell Scheduler Metrics: total_dl_brate= 0bps total_ul_brate= 0bps nof_prbs=106 nof_dl_slots=1000 nof_ul_slots=1000 error_indications=0 mean_latency=5usec latency_hist=[1000, 0, 0, 0, 0, 0, 0, 0, 0, 0]
2025-08-01T22:12:42.314993 [METRICS ] [I] Cell Scheduler Metrics: total_dl_brate= 0bps total_ul_brate= 0bps nof_prbs=106 nof_dl_slots=1000 nof_ul_slots=1000 error_indications=0 mean_latency=5usec latency_hist=[1000, 0, 0, 0, 0, 0, 0, 0, 0, 0]
2025-08-01T22:12:43.314978 [METRICS ] [I] Cell Scheduler Metrics: total_dl_brate= 0bps total_ul_brate= 0bps nof_prbs=106 nof_dl_slots=1000 nof_ul_slots=1000 error_indications=0 mean_latency=5usec latency_hist=[999, 1, 0, 0, 0, 0, 0, 0, 0, 0]
2025-08-01T22:12:44.315009 [METRICS ] [I] Cell Scheduler Metrics: total_dl_brate= 0bps total_ul_brate= 0bps nof_prbs=106 nof_dl_slots=1000 nof_ul_slots=1000 error_indications=0 mean_latency=5usec latency_hist=[1000, 0, 0, 0, 0, 0, 0, 0, 0, 0]
2025-08-01T22:12:45.314903 [METRICS ] [I] Cell Scheduler Metrics: total_dl_brate= 0bps total_ul_brate= 0bps nof_prbs=106 nof_dl_slots=1000 nof_ul_slots=1000 error_indications=0 mean_latency=5usec latency_hist=[1000, 0, 0, 0, 0, 0, 0, 0, 0, 0]
2025-08-01T22:12:46.314981 [METRICS ] [I] Cell Scheduler Metrics: total_dl_brate= 0bps total_ul_brate= 0bps nof_prbs=106 nof_dl_slots=1000 nof_ul_slots=1000 error_indications=0 mean_latency=5usec latency_hist=[1000, 0, 0, 0, 0, 0, 0, 0, 0, 0]
2025-08-01T22:12:47.314919 [METRICS ] [I] Cell Scheduler Metrics: total_dl_brate= 0bps total_ul_brate= 0bps nof_prbs=106 nof_dl_slots=1000 nof_ul_slots=1000 error_indications=0 mean_latency=5usec latency_hist=[1000, 0, 0, 0, 0, 0, 0, 0, 0, 0]
2025-08-01T22:12:48.314946 [METRICS ] [I] Cell Scheduler Metrics: total_dl_brate= 0bps total_ul_brate= 0bps nof_prbs=106 nof_dl_slots=1000 nof_ul_slots=1000 error_indications=0 mean_latency=5usec latency_hist=[1000, 0, 0, 0, 0, 0, 0, 0, 0, 0]
2025-08-01T22:12:49.314996 [METRICS ] [I] Cell Scheduler Metrics: total_dl_brate= 0bps total_ul_brate= 0bps nof_prbs=106 nof_dl_slots=1000 nof_ul_slots=1000 error_indications=0 mean_latency=5usec latency_hist=[1000, 0, 0, 0, 0, 0, 0, 0, 0, 0]
2025-08-01T22:12:50.314928 [METRICS ] [I] Cell Scheduler Metrics: total_dl_brate= 0bps total_ul_brate= 0bps nof_prbs=106 nof_dl_slots=1000 nof_ul_slots=1000 error_indications=0 mean_latency=5usec latency_hist=[1000, 0, 0, 0, 0, 0, 0, 0, 0, 0]
2025-08-01T22:12:51.314978 [METRICS ] [I] Cell Scheduler Metrics: total_dl_brate= 0bps total_ul_brate= 0bps nof_prbs=106 nof_dl_slots=1000 nof_ul_slots=1000 error_indications=0 mean_latency=5usec latency_hist=[1000, 0, 0, 0, 0, 0, 0, 0, 0, 0]
2025-08-01T22:12:52.314955 [METRICS ] [I] Cell Scheduler Metrics: total_dl_brate= 0bps total_ul_brate= 0bps nof_prbs=106 nof_dl_slots=1000 nof_ul_slots=1000 error_indications=0 mean_latency=5usec latency_hist=[1000, 0, 0, 0, 0, 0, 0, 0, 0, 0]
2025-08-01T22:12:53.315003 [METRICS ] [I] Cell Scheduler Metrics: total_dl_brate= 0bps total_ul_brate= 0bps nof_prbs=106 nof_dl_slots=1000 nof_ul_slots=1000 error_indications=0 mean_latency=5usec latency_hist=[1000, 0, 0, 0, 0, 0, 0, 0, 0, 0]
2025-08-01T22:12:54.315057 [METRICS ] [I] Cell Scheduler Metrics: total_dl_brate= 0bps total_ul_brate= 0bps nof_prbs=106 nof_dl_slots=1000 nof_ul_slots=1000 error_indications=0 mean_latency=5usec latency_hist=[1000, 0, 0, 0, 0, 0, 0, 0, 0, 0]
2025-08-01T22:12:55.314969 [METRICS ] [I] Cell Scheduler Metrics: total_dl_brate= 0bps total_ul_brate= 0bps nof_prbs=106 nof_dl_slots=1000 nof_ul_slots=1000 error_indications=0 mean_latency=5usec latency_hist=[1000, 0, 0, 0, 0, 0, 0, 0, 0, 0]
2025-08-01T22:12:56.315062 [METRICS ] [I] Cell Scheduler Metrics: total_dl_brate= 0bps total_ul_brate= 0bps nof_prbs=106 nof_dl_slots=1000 nof_ul_slots=1000 error_indications=0 mean_latency=5usec latency_hist=[1000, 0, 0, 0, 0, 0, 0, 0, 0, 0]
2025-08-01T22:12:57.314953 [METRICS ] [I] Cell Scheduler Metrics: total_dl_brate= 0bps total_ul_brate= 0bps nof_prbs=106 nof_dl_slots=1000 nof_ul_slots=1000 error_indications=0 mean_latency=4usec latency_hist=[1000, 0, 0, 0, 0, 0, 0, 0, 0, 0]
2025-08-01T22:12:58.315019 [METRICS ] [I] Cell Scheduler Metrics: total_dl_brate= 0bps total_ul_brate= 0bps nof_prbs=106 nof_dl_slots=1000 nof_ul_slots=1000 error_indications=0 mean_latency=6usec latency_hist=[1000, 0, 0, 0, 0, 0, 0, 0, 0, 0]
2025-08-01T22:12:59.315055 [METRICS ] [I] Cell Scheduler Metrics: total_dl_brate= 0bps total_ul_brate= 0bps nof_prbs=106 nof_dl_slots=1000 nof_ul_slots=1000 error_indications=0 mean_latency=5usec latency_hist=[1000, 0, 0, 0, 0, 0, 0, 0, 0, 0]
2025-08-01T22:13:00.315047 [METRICS ] [I] Cell Scheduler Metrics: total_dl_brate= 0bps total_ul_brate= 0bps nof_prbs=106 nof_dl_slots=1000 nof_ul_slots=1000 error_indications=0 mean_latency=4usec latency_hist=[1000, 0, 0, 0, 0, 0, 0, 0, 0, 0]
2025-08-01T22:13:01.315067 [METRICS ] [I] Cell Scheduler Metrics: total_dl_brate= 0bps total_ul_brate= 0bps nof_prbs=106 nof_dl_slots=1000 nof_ul_slots=1000 error_indications=0 mean_latency=5usec latency_hist=[1000, 0, 0, 0, 0, 0, 0, 0, 0, 0]
2025-08-01T22:13:02.314964 [METRICS ] [I] Cell Scheduler Metrics: total_dl_brate= 0bps total_ul_brate= 0bps nof_prbs=106 nof_dl_slots=1000 nof_ul_slots=1000 error_indications=0 mean_latency=5usec latency_hist=[1000, 0, 0, 0, 0, 0, 0, 0, 0, 0]
2025-08-01T22:13:03.315131 [METRICS ] [I] Cell Scheduler Metrics: total_dl_brate= 0bps total_ul_brate= 0bps nof_prbs=106 nof_dl_slots=1000 nof_ul_slots=1000 error_indications=0 mean_latency=4usec latency_hist=[1000, 0, 0, 0, 0, 0, 0, 0, 0, 0]
2025-08-01T22:13:04.314983 [METRICS ] [I] Cell Scheduler Metrics: total_dl_brate= 0bps total_ul_brate= 0bps nof_prbs=106 nof_dl_slots=1000 nof_ul_slots=1000 error_indications=0 mean_latency=5usec latency_hist=[1000, 0, 0, 0, 0, 0, 0, 0, 0, 0]
2025-08-01T22:13:05.315041 [METRICS ] [I] Cell Scheduler Metrics: total_dl_brate= 0bps total_ul_brate= 0bps nof_prbs=106 nof_dl_slots=1000 nof_ul_slots=1000 error_indications=0 mean_latency=5usec latency_hist=[1000, 0, 0, 0, 0, 0, 0, 0, 0, 0]
2025-08-01T22:13:06.315076 [METRICS ] [I] Cell Scheduler Metrics: total_dl_brate= 0bps total_ul_brate= 0bps nof_prbs=106 nof_dl_slots=1000 nof_ul_slots=1000 error_indications=0 mean_latency=5usec latency_hist=[999, 1, 0, 0, 0, 0, 0, 0, 0, 0]
2025-08-01T22:13:07.315009 [METRICS ] [I] Cell Scheduler Metrics: total_dl_brate= 0bps total_ul_brate= 0bps nof_prbs=106 nof_dl_slots=1000 nof_ul_slots=1000 error_indications=0 mean_latency=4usec latency_hist=[1000, 0, 0, 0, 0, 0, 0, 0, 0, 0]
2025-08-01T22:13:08.315066 [METRICS ] [I] Cell Scheduler Metrics: total_dl_brate= 0bps total_ul_brate= 0bps nof_prbs=106 nof_dl_slots=1000 nof_ul_slots=1000 error_indications=0 mean_latency=5usec latency_hist=[1000, 0, 0, 0, 0, 0, 0, 0, 0, 0]
2025-08-01T22:13:09.315016 [METRICS ] [I] Cell Scheduler Metrics: total_dl_brate= 0bps total_ul_brate= 0bps nof_prbs=106 nof_dl_slots=1000 nof_ul_slots=1000 error_indications=0 mean_latency=5usec latency_hist=[1000, 0, 0, 0, 0, 0, 0, 0, 0, 0]
2025-08-01T22:13:10.315067 [METRICS ] [I] Cell Scheduler Metrics: total_dl_brate= 0bps total_ul_brate= 0bps nof_prbs=106 nof_dl_slots=1000 nof_ul_slots=1000 error_indications=0 mean_latency=5usec latency_hist=[1000, 0, 0, 0, 0, 0, 0, 0, 0, 0]
2025-08-01T22:13:11.315196 [METRICS ] [I] Cell Scheduler Metrics: total_dl_brate= 0bps total_ul_brate= 0bps nof_prbs=106 nof_dl_slots=1000 nof_ul_slots=1000 error_indications=0 mean_latency=5usec latency_hist=[1000, 0, 0, 0, 0, 0, 0, 0, 0, 0]
2025-08-01T22:13:12.315064 [METRICS ] [I] Cell Scheduler Metrics: total_dl_brate= 0bps total_ul_brate= 0bps nof_prbs=106 nof_dl_slots=1000 nof_ul_slots=1000 error_indications=0 mean_latency=5usec latency_hist=[1000, 0, 0, 0, 0, 0, 0, 0, 0, 0]
2025-08-01T22:13:13.315145 [METRICS ] [I] Cell Scheduler Metrics: total_dl_brate= 0bps total_ul_brate= 0bps nof_prbs=106 nof_dl_slots=1000 nof_ul_slots=1000 error_indications=0 mean_latency=5usec latency_hist=[1000, 0, 0, 0, 0, 0, 0, 0, 0, 0]
2025-08-01T22:13:14.315053 [METRICS ] [I] Cell Scheduler Metrics: total_dl_brate= 0bps total_ul_brate= 0bps nof_prbs=106 nof_dl_slots=1000 nof_ul_slots=1000 error_indications=0 mean_latency=5usec latency_hist=[1000, 0, 0, 0, 0, 0, 0, 0, 0, 0]
2025-08-01T22:13:15.315155 [METRICS ] [I] Cell Scheduler Metrics: total_dl_brate= 0bps total_ul_brate= 0bps nof_prbs=106 nof_dl_slots=1000 nof_ul_slots=1000 error_indications=0 mean_latency=5usec latency_hist=[1000, 0, 0, 0, 0, 0, 0, 0, 0, 0]
2025-08-01T22:13:16.315117 [METRICS ] [I] Cell Scheduler Metrics: total_dl_brate= 0bps total_ul_brate= 0bps nof_prbs=106 nof_dl_slots=1000 nof_ul_slots=1000 error_indications=0 mean_latency=5usec latency_hist=[1000, 0, 0, 0, 0, 0, 0, 0, 0, 0]
2025-08-01T22:13:17.315058 [METRICS ] [I] Cell Scheduler Metrics: total_dl_brate= 0bps total_ul_brate= 0bps nof_prbs=106 nof_dl_slots=1000 nof_ul_slots=1000 error_indications=0 mean_latency=5usec latency_hist=[1000, 0, 0, 0, 0, 0, 0, 0, 0, 0]
2025-08-01T22:13:18.315142 [METRICS ] [I] Cell Scheduler Metrics: total_dl_brate= 0bps total_ul_brate= 0bps nof_prbs=106 nof_dl_slots=1000 nof_ul_slots=1000 error_indications=0 mean_latency=6usec latency_hist=[1000, 0, 0, 0, 0, 0, 0, 0, 0, 0]
2025-08-01T22:13:19.315046 [METRICS ] [I] Cell Scheduler Metrics: total_dl_brate= 0bps total_ul_brate= 0bps nof_prbs=106 nof_dl_slots=1000 nof_ul_slots=1000 error_indications=0 mean_latency=5usec latency_hist=[1000, 0, 0, 0, 0, 0, 0, 0, 0, 0]
2025-08-01T22:13:20.315148 [METRICS ] [I] Cell Scheduler Metrics: total_dl_brate= 0bps total_ul_brate= 0bps nof_prbs=106 nof_dl_slots=1000 nof_ul_slots=1000 error_indications=0 mean_latency=5usec latency_hist=[1000, 0, 0, 0, 0, 0, 0, 0, 0, 0]
2025-08-01T22:13:21.315063 [METRICS ] [I] Cell Scheduler Metrics: total_dl_brate= 0bps total_ul_brate= 0bps nof_prbs=106 nof_dl_slots=1000 nof_ul_slots=1000 error_indications=0 mean_latency=5usec latency_hist=[1000, 0, 0, 0, 0, 0, 0, 0, 0, 0]
2025-08-01T22:13:21.824211 [DU      ] [I] Stopping DU...
2025-08-01T22:13:21.824212 [DU      ] [I] Stopping DU-High...
2025-08-01T22:13:21.824404 [MAC     ] [I] [   895.1] cell=0: Cell was stopped.
2025-08-01T22:13:21.826705 [DU-F1   ] [I] Tx PDU du=0 tid=1: F1RemovalRequest
2025-08-01T22:13:21.826712 [CU-CP-F1] [I] Rx PDU du=0 tid=1: F1RemovalRequest
2025-08-01T22:13:21.826733 [CU-CP-F1] [I] Tx PDU du=0 tid=1: F1RemovalResponse
2025-08-01T22:13:21.826741 [DU-F1   ] [I] Rx PDU du=0 tid=1: F1RemovalResponse
2025-08-01T22:13:21.826758 [CU-CP   ] [I] Removed DU 0
2025-08-01T22:13:21.826761 [DU-F1   ] [I] F1 Removal: F1 TNL association shut down
2025-08-01T22:13:21.827033 [DU      ] [I] DU-High stopped successfully
2025-08-01T22:13:21.827033 [DU      ] [I] DU stopped successfully
2025-08-01T22:13:21.827134 [CU-UP   ] [I] CU-UP stopped successfully
2025-08-01T22:13:21.827140 [CU-CP   ] [I] Stopping CU-CP...
2025-08-01T22:13:21.827207 [CU-CP   ] [I] Removed CU-UP 0
2025-08-01T22:13:21.827460 [CU-CP   ] [I] CU-CP stopped successfully.
2025-08-01T22:13:21.827460 [GNB     ] [I] Closing PCAP files...
2025-08-01T22:13:21.827566 [ALL     ] [I] Saved PCAP (DLT=152) to "./gnb_ngap.pcap" and closed
2025-08-01T22:13:21.827566 [ALL     ] [I] Failed to close already closed PCAP (DLT=152)
2025-08-01T22:13:21.827575 [ALL     ] [I] Failed to flush closed PCAP (DLT=152)
2025-08-01T22:13:21.827576 [ALL     ] [I] Failed to close already closed PCAP (DLT=152)
2025-08-01T22:13:21.827672 [ALL     ] [I] Saved PCAP (DLT=149) to "./gnb_mac.pcap" and closed
2025-08-01T22:13:21.827672 [ALL     ] [I] Failed to close already closed PCAP (DLT=149)
2025-08-01T22:13:21.827684 [ALL     ] [I] Failed to flush closed PCAP (DLT=149)
2025-08-01T22:13:21.827684 [ALL     ] [I] Failed to close already closed PCAP (DLT=149)
2025-08-01T22:13:21.827685 [GNB     ] [I] PCAP files successfully closed.
2025-08-01T22:13:21.827686 [GNB     ] [I] Stopping executors...
2025-08-01T22:13:21.827695 [ALL     ] [I] Task worker "lower_phy_ul#0" finished.
2025-08-01T22:13:21.827722 [ALL     ] [I] Task worker "lower_phy_dl#0" finished.
2025-08-01T22:13:21.827745 [ALL     ] [I] Task worker "lower_phy_tx#0" finished.
2025-08-01T22:13:21.827763 [ALL     ] [I] Task worker "radio" finished.
2025-08-01T22:13:21.827831 [ALL     ] [I] Task worker "pusch#0#0" finished.
2025-08-01T22:13:21.827839 [ALL     ] [I] Task worker "pusch#0#1" finished.
2025-08-01T22:13:21.827943 [ALL     ] [I] Task worker "up_phy_ul#0#0" finished.
2025-08-01T22:13:21.827961 [ALL     ] [I] Task worker "up_phy_ul#0#1" finished.
2025-08-01T22:13:21.827969 [ALL     ] [I] Task worker "lower_phy_rx#0" finished.
2025-08-01T22:13:21.827992 [ALL     ] [I] Task worker "ru_stats_worker" finished.
2025-08-01T22:13:21.828015 [ALL     ] [I] Task worker "du_cell#0" finished.
2025-08-01T22:13:21.828202 [ALL     ] [I] Task worker "up_phy_dl#0#0" finished.
2025-08-01T22:13:21.828205 [ALL     ] [I] Task worker "up_phy_dl#0#1" finished.
2025-08-01T22:13:21.828208 [ALL     ] [I] Task worker "up_phy_dl#0#2" finished.
2025-08-01T22:13:21.828212 [ALL     ] [I] Task worker "up_phy_dl#0#3" finished.
2025-08-01T22:13:21.828216 [ALL     ] [I] Task worker "up_phy_dl#0#4" finished.
2025-08-01T22:13:21.828219 [ALL     ] [I] Task worker "up_phy_dl#0#5" finished.
2025-08-01T22:13:21.828228 [ALL     ] [I] Task worker "phy_prach#0" finished.
2025-08-01T22:13:21.828311 [ALL     ] [I] Task worker "non_rt_pool#0" finished.
2025-08-01T22:13:21.828330 [ALL     ] [I] Task worker "non_rt_pool#1" finished.
2025-08-01T22:13:21.828336 [ALL     ] [I] Task worker "non_rt_pool#2" finished.
2025-08-01T22:13:21.828339 [ALL     ] [I] Task worker "non_rt_pool#3" finished.
2025-08-01T22:13:21.828339 [GNB     ] [I] Executors closed successfully.
2025-08-01T22:13:21.856063 [IO-EPOLL] [I] Closed io_broker
